iso3_d,hs92,potential_market_imports_sum
ARG,0101,2674762142.0
ARG,0102,4566229366.0
ARG,0103,1932435672.0
ARG,0104,621089219.0
ARG,0105,1959759073.0
ARG,0106,1150950436.0
ARG,0201,13617712393.0
ARG,0202,15137980314.0
ARG,0203,24823662733.0
ARG,0204,5242037933.0
ARG,0205,240179666.0
ARG,0206,3591061125.0
ARG,0207,19811044259.0
ARG,0208,491439066.0
ARG,0209,498026318.0
ARG,0210,1749172766.0
ARG,0301,840613834.0
ARG,0302,12775467759.0
ARG,0303,11571618004.0
ARG,0304,15549381846.0
ARG,0305,3569619872.0
ARG,0306,15302951741.0
ARG,0307,5782796283.0
ARG,0401,8993438835.0
ARG,0402,10716084997.0
ARG,0403,3478742764.0
ARG,0404,3250127259.0
ARG,0405,8355442351.0
ARG,0406,22382133128.0
ARG,0407,2455983182.0
ARG,0408,962635865.0
ARG,0409,1286836423.0
ARG,0410,211031700.0
ARG,0501,27449664.0
ARG,0502,26702363.0
ARG,0504,3032265675.0
ARG,0505,634576287.0
ARG,0506,204094035.0
ARG,0507,51006006.0
ARG,0508,58955524.0
ARG,0510,186551349.0
ARG,0511,1576934314.0
ARG,0601,1113250690.0
ARG,0602,4940113371.0
ARG,0603,4506289874.0
ARG,0604,564781046.0
ARG,0701,3760370936.0
ARG,0702,4583788031.0
ARG,0703,4931361975.0
ARG,0704,2580928024.0
ARG,0705,1238333062.0
ARG,0706,1521094316.0
ARG,0707,1592834944.0
ARG,0708,1327799160.0
ARG,0709,7932490311.0
ARG,0710,5972962859.0
ARG,0711,330894957.0
ARG,0712,2275981005.0
ARG,0713,8353833649.0
ARG,0714,1088752131.0
ARG,0801,4882099994.0
ARG,0802,12388199908.0
ARG,0803,8820390602.0
ARG,0804,10814196308.0
ARG,0805,10294760682.0
ARG,0806,6948485171.0
ARG,0807,1996919193.0
ARG,0808,5586683012.0
ARG,0809,5043609884.0
ARG,0810,18736807073.0
ARG,0811,5157542641.0
ARG,0812,157679192.0
ARG,0813,2017582010.0
ARG,0814,82314665.0
ARG,0901,26950337859.0
ARG,0902,3507571124.0
ARG,0903,83999359.0
ARG,0904,3300037073.0
ARG,0905,190143187.0
ARG,0906,381690656.0
ARG,0907,264665148.0
ARG,0908,650233136.0
ARG,0909,810428798.0
ARG,0910,2232745043.0
ARG,1001,33624511480.0
ARG,1002,147879047.0
ARG,1003,5368178348.0
ARG,1004,629549275.0
ARG,1005,26025797405.0
ARG,1006,17390046026.0
ARG,1007,346472931.0
ARG,1008,808698772.0
ARG,1101,2557623846.0
ARG,1102,821731957.0
ARG,1103,667088762.0
ARG,1104,1070106264.0
ARG,1105,719835536.0
ARG,1106,425878817.0
ARG,1107,2469349339.0
ARG,1108,3126434105.0
ARG,1109,564263420.0
ARG,1201,21833242335.0
ARG,1202,2802729938.0
ARG,1203,38266326.0
ARG,1204,822321202.0
ARG,1205,8236746265.0
ARG,1206,2667128006.0
ARG,1207,4017541939.0
ARG,1208,608071453.0
ARG,1209,4263927188.0
ARG,1210,375275745.0
ARG,1211,2830674058.0
ARG,1212,960290628.0
ARG,1213,332716299.0
ARG,1214,1213645372.0
ARG,1301,686796850.0
ARG,1302,4347801535.0
ARG,1401,164596381.0
ARG,1404,765912440.0
ARG,1501,348249034.0
ARG,1502,1298795076.0
ARG,1503,186459256.0
ARG,1504,1662960372.0
ARG,1505,65397970.0
ARG,1506,363391282.0
ARG,1507,6163909801.0
ARG,1508,278519750.0
ARG,1509,7138835841.0
ARG,1510,488949124.0
ARG,1511,19387041517.0
ARG,1512,11350719477.0
ARG,1513,5036054456.0
ARG,1514,7305487032.0
ARG,1515,3986095262.0
ARG,1516,3105821074.0
ARG,1517,5240620001.0
ARG,1518,6666423813.0
ARG,1519,8267244244.0
ARG,1520,1391975228.0
ARG,1521,245685398.0
ARG,1522,496071407.0
ARG,1601,3562766544.0
ARG,1602,14430180718.0
ARG,1603,133245565.0
ARG,1604,10641086273.0
ARG,1605,9307284248.0
ARG,1701,21867151842.0
ARG,1702,7254464634.0
ARG,1703,843371305.0
ARG,1704,8271219252.0
ARG,1801,11669163543.0
ARG,1802,301451314.0
ARG,1803,4208501975.0
ARG,1804,7169250371.0
ARG,1805,2439522107.0
ARG,1806,22074616748.0
ARG,1901,15657425683.0
ARG,1902,8783437168.0
ARG,1903,89486029.0
ARG,1904,3468011102.0
ARG,1905,27570712396.0
ARG,2001,1222801172.0
ARG,2002,3663854832.0
ARG,2003,592944963.0
ARG,2004,6476091730.0
ARG,2005,7313686077.0
ARG,2006,303529759.0
ARG,2007,1998280429.0
ARG,2008,14167981014.0
ARG,2009,12334401580.0
ARG,2101,6814027072.0
ARG,2102,1435732513.0
ARG,2103,9826783049.0
ARG,2104,2315358774.0
ARG,2105,3184360672.0
ARG,2106,39413971633.0
ARG,2201,3321524097.0
ARG,2202,14756173787.0
ARG,2203,9923612650.0
ARG,2204,22263523499.0
ARG,2205,265865015.0
ARG,2206,1113089405.0
ARG,2207,8225149077.0
ARG,2208,21822570342.0
ARG,2209,525908091.0
ARG,2301,3777923728.0
ARG,2302,1970244110.0
ARG,2303,3938359557.0
ARG,2304,16949139316.0
ARG,2305,30231196.0
ARG,2306,6734230116.0
ARG,2307,1800080.0
ARG,2308,850276578.0
ARG,2309,21391281010.0
ARG,2401,7685698972.0
ARG,2402,16066990864.0
ARG,2403,8166187888.0
ARG,2501,2944524963.0
ARG,2502,48031664.0
ARG,2503,3352557592.0
ARG,2504,386488078.0
ARG,2505,1377010919.0
ARG,2506,553801273.0
ARG,2507,1092810604.0
ARG,2508,1569751155.0
ARG,2509,73432297.0
ARG,2510,2288342446.0
ARG,2511,349099152.0
ARG,2512,83210529.0
ARG,2513,205345884.0
ARG,2514,30793568.0
ARG,2515,814261488.0
ARG,2516,764076601.0
ARG,2517,2120783198.0
ARG,2518,364862096.0
ARG,2519,1224692423.0
ARG,2520,1092531754.0
ARG,2521,333400280.0
ARG,2522,520479831.0
ARG,2523,5877981769.0
ARG,2524,345235392.0
ARG,2525,93146812.0
ARG,2526,674787487.0
ARG,2528,223838979.0
ARG,2529,958020595.0
ARG,2530,1415986629.0
ARG,2601,28941723420.0
ARG,2602,2264536405.0
ARG,2603,20152996439.0
ARG,2604,1658752041.0
ARG,2605,19415380.0
ARG,2606,1418631795.0
ARG,2607,1832765399.0
ARG,2608,5349563730.0
ARG,2609,514709503.0
ARG,2610,3319864154.0
ARG,2611,94476162.0
ARG,2612,716554708.0
ARG,2613,4327536694.0
ARG,2614,1492188149.0
ARG,2615,891052746.0
ARG,2616,5170878016.0
ARG,2617,302416163.0
ARG,2618,630605333.0
ARG,2619,217611328.0
ARG,2620,7379320936.0
ARG,2621,310304201.0
ARG,2701,73760997747.0
ARG,2702,633755584.0
ARG,2703,963503457.0
ARG,2704,4925215601.0
ARG,2705,1378785.0
ARG,2706,543733345.0
ARG,2707,18897662953.0
ARG,2708,578733665.0
ARG,2709,555180742706.0
ARG,2710,473207085657.0
ARG,2711,237353531461.0
ARG,2712,1929367587.0
ARG,2713,14035649460.0
ARG,2714,191983536.0
ARG,2715,1013563923.0
ARG,2716,27053627176.0
ARG,2801,1872783700.0
ARG,2802,277710325.0
ARG,2803,3719795161.0
ARG,2804,6009962133.0
ARG,2805,395672996.0
ARG,2806,201259752.0
ARG,2807,1070060971.0
ARG,2808,283100347.0
ARG,2809,2592723736.0
ARG,2810,344270971.0
ARG,2811,3700328651.0
ARG,2812,288553979.0
ARG,2813,137608495.0
ARG,2814,5020389385.0
ARG,2815,2313712394.0
ARG,2816,195292627.0
ARG,2817,693219736.0
ARG,2818,9065702800.0
ARG,2819,360837168.0
ARG,2820,214759789.0
ARG,2821,610418757.0
ARG,2822,469061126.0
ARG,2823,457087827.0
ARG,2824,43560951.0
ARG,2825,3083276696.0
ARG,2826,848204822.0
ARG,2827,2145531278.0
ARG,2828,346127306.0
ARG,2829,396453101.0
ARG,2830,406828351.0
ARG,2831,132414834.0
ARG,2832,329620420.0
ARG,2833,2891325528.0
ARG,2834,651058760.0
ARG,2835,2001574627.0
ARG,2836,6154974517.0
ARG,2837,718897652.0
ARG,2839,492627338.0
ARG,2840,627523500.0
ARG,2841,3171902871.0
ARG,2842,1139118989.0
ARG,2843,3635276282.0
ARG,2844,15862304209.0
ARG,2845,2057693098.0
ARG,2846,750263073.0
ARG,2847,344046062.0
ARG,2849,1366075295.0
ARG,2850,242507797.0
ARG,2851,423277671.0
ARG,2901,12737232422.0
ARG,2902,16469909426.0
ARG,2903,6218576002.0
ARG,2904,965260801.0
ARG,2905,16422213116.0
ARG,2906,1286538230.0
ARG,2907,3137656975.0
ARG,2908,219066500.0
ARG,2909,8529716130.0
ARG,2910,2193488280.0
ARG,2911,53970452.0
ARG,2912,1391960229.0
ARG,2913,32470703.0
ARG,2914,4238359757.0
ARG,2915,9499608065.0
ARG,2916,5706555914.0
ARG,2917,9880834838.0
ARG,2918,5172585508.0
ARG,2919,573672586.0
ARG,2920,1067579753.0
ARG,2921,6680875220.0
ARG,2922,9744963253.0
ARG,2923,1713852263.0
ARG,2924,4631331859.0
ARG,2925,1238080803.0
ARG,2926,2255221860.0
ARG,2927,278899888.0
ARG,2928,547229011.0
ARG,2929,2967704278.0
ARG,2930,4305264639.0
ARG,2931,2492529306.0
ARG,2932,6685156447.0
ARG,2933,31485474214.0
ARG,2934,11336423704.0
ARG,2935,3052228764.0
ARG,2936,4988170513.0
ARG,2937,18448550461.0
ARG,2938,991914741.0
ARG,2939,1261924570.0
ARG,2940,928143195.0
ARG,2941,6406593692.0
ARG,2942,546640508.0
ARG,3001,2143333388.0
ARG,3002,176729101758.0
ARG,3003,9935517664.0
ARG,3004,272981106896.0
ARG,3005,4936449416.0
ARG,3006,9986713261.0
ARG,3101,730575756.0
ARG,3102,13757374468.0
ARG,3103,1678822394.0
ARG,3104,10131271155.0
ARG,3105,14800289737.0
ARG,3201,184601428.0
ARG,3202,277425541.0
ARG,3203,916816865.0
ARG,3204,7091879419.0
ARG,3205,143002054.0
ARG,3206,7776651816.0
ARG,3207,2495580676.0
ARG,3208,10101632811.0
ARG,3209,3566402872.0
ARG,3210,528494364.0
ARG,3211,129478883.0
ARG,3212,1340892821.0
ARG,3213,426637809.0
ARG,3214,5534710268.0
ARG,3215,8491611564.0
ARG,3301,3893147446.0
ARG,3302,17497617588.0
ARG,3303,13581964247.0
ARG,3304,40771585077.0
ARG,3305,9018479963.0
ARG,3306,3312210147.0
ARG,3307,7521197860.0
ARG,3401,3550280641.0
ARG,3402,22273125842.0
ARG,3403,6611740537.0
ARG,3404,2531950118.0
ARG,3405,1452869450.0
ARG,3406,1523753631.0
ARG,3407,529080791.0
ARG,3501,1748283051.0
ARG,3502,2157189789.0
ARG,3503,1037905772.0
ARG,3504,2723930184.0
ARG,3505,3195541859.0
ARG,3506,8349322143.0
ARG,3507,3246944627.0
ARG,3601,456179963.0
ARG,3602,720189463.0
ARG,3603,1012404565.0
ARG,3604,754740825.0
ARG,3605,84454027.0
ARG,3606,189363452.0
ARG,3701,2530677859.0
ARG,3702,523670344.0
ARG,3703,171495975.0
ARG,3704,22401575.0
ARG,3705,973451749.0
ARG,3706,3235110.0
ARG,3707,2205930492.0
ARG,3801,1914755216.0
ARG,3802,2081281048.0
ARG,3803,313136830.0
ARG,3804,245704014.0
ARG,3805,142443726.0
ARG,3806,953428664.0
ARG,3807,47181179.0
ARG,3808,15832634582.0
ARG,3809,2928225372.0
ARG,3810,1041047640.0
ARG,3811,8256494484.0
ARG,3812,2990752115.0
ARG,3813,185041976.0
ARG,3814,1239945424.0
ARG,3815,14462106479.0
ARG,3816,1453961544.0
ARG,3817,1117860765.0
ARG,3818,4535916591.0
ARG,3819,553014408.0
ARG,3820,662105462.0
ARG,3821,2345453751.0
ARG,3822,22295252.0
ARG,3823,55109399220.0
ARG,3901,46624395921.0
ARG,3902,28665763179.0
ARG,3903,11547037785.0
ARG,3904,10634235039.0
ARG,3905,4088875849.0
ARG,3906,11490461374.0
ARG,3907,36960330045.0
ARG,3908,9301927957.0
ARG,3909,11885982076.0
ARG,3910,5005060240.0
ARG,3911,4646509093.0
ARG,3912,3883430969.0
ARG,3913,2361247793.0
ARG,3914,1588282438.0
ARG,3915,1955035523.0
ARG,3916,3332460779.0
ARG,3917,14197309168.0
ARG,3918,6290177459.0
ARG,3919,14729740639.0
ARG,3920,39460333498.0
ARG,3921,19267059696.0
ARG,3922,2539260373.0
ARG,3923,31294112410.0
ARG,3924,12098295293.0
ARG,3925,4952452069.0
ARG,3926,93064427325.0
ARG,4001,6670320886.0
ARG,4002,11542242722.0
ARG,4003,237828474.0
ARG,4004,217856745.0
ARG,4005,3102895247.0
ARG,4006,199393202.0
ARG,4007,209237781.0
ARG,4008,2198060070.0
ARG,4009,5086650285.0
ARG,4010,2766687555.0
ARG,4011,39955334487.0
ARG,4012,1318298133.0
ARG,4013,464968389.0
ARG,4014,869119731.0
ARG,4015,4396273811.0
ARG,4016,15414203804.0
ARG,4017,141580684.0
ARG,4101,124546125.0
ARG,4102,189226121.0
ARG,4103,414500476.0
ARG,4104,6085185216.0
ARG,4105,448661290.0
ARG,4106,153254689.0
ARG,4107,418051522.0
ARG,4108,67610748.0
ARG,4109,161396777.0
ARG,4110,9650434.0
ARG,4111,118737081.0
ARG,4201,808670887.0
ARG,4202,48840446438.0
ARG,4203,4748892143.0
ARG,4205,1347464772.0
ARG,4206,17286967.0
ARG,4301,333655049.0
ARG,4302,372973043.0
ARG,4303,651341030.0
ARG,4304,55046261.0
ARG,4401,7118906686.0
ARG,4402,1117869298.0
ARG,4403,5172585039.0
ARG,4404,160110783.0
ARG,4405,54308175.0
ARG,4406,221610357.0
ARG,4407,23883760342.0
ARG,4408,2727093529.0
ARG,4409,2060010654.0
ARG,4410,5148430074.0
ARG,4411,5641860779.0
ARG,4412,9766219290.0
ARG,4413,261583010.0
ARG,4414,328919404.0
ARG,4415,2271986436.0
ARG,4416,499510536.0
ARG,4417,121591034.0
ARG,4418,9318158290.0
ARG,4419,1450675403.0
ARG,4420,943339158.0
ARG,4421,4402332097.0
ARG,4501,270768649.0
ARG,4502,19478070.0
ARG,4503,290617313.0
ARG,4504,291294495.0
ARG,4601,272959697.0
ARG,4602,818823910.0
ARG,4701,133323111.0
ARG,4702,3119857705.0
ARG,4703,20306955320.0
ARG,4704,352703949.0
ARG,4705,849646010.0
ARG,4706,800282691.0
ARG,4707,3900561417.0
ARG,4801,3403513750.0
ARG,4802,6188653761.0
ARG,4803,2592619976.0
ARG,4804,7588074966.0
ARG,4805,11451333318.0
ARG,4806,1163041181.0
ARG,4807,411943310.0
ARG,4808,746970103.0
ARG,4809,363859926.0
ARG,4810,12267111197.0
ARG,4811,10703962405.0
ARG,4812,159426149.0
ARG,4813,1310903433.0
ARG,4814,705775549.0
ARG,4816,211626227.0
ARG,4817,583382898.0
ARG,4818,14700415801.0
ARG,4819,13497653911.0
ARG,4820,2043079736.0
ARG,4821,3655222276.0
ARG,4822,236450172.0
ARG,4823,7090326421.0
ARG,4901,5073356174.0
ARG,4902,904449744.0
ARG,4903,1051946114.0
ARG,4904,52533589.0
ARG,4905,73648888.0
ARG,4906,35289217.0
ARG,4907,1187590365.0
ARG,4908,618475126.0
ARG,4909,508066804.0
ARG,4910,181466816.0
ARG,4911,5822300856.0
ARG,5001,2311555.0
ARG,5002,175588016.0
ARG,5003,58129738.0
ARG,5004,177832362.0
ARG,5005,57685083.0
ARG,5006,6581196.0
ARG,5007,393998000.0
ARG,5101,716123699.0
ARG,5102,392936746.0
ARG,5103,25943251.0
ARG,5104,2803831.0
ARG,5105,911037651.0
ARG,5106,340759611.0
ARG,5107,776044444.0
ARG,5108,167361985.0
ARG,5109,165309382.0
ARG,5110,2496806.0
ARG,5111,570683522.0
ARG,5112,1093366124.0
ARG,5113,4230832.0
ARG,5201,6514135265.0
ARG,5202,291138260.0
ARG,5203,95441353.0
ARG,5204,69094491.0
ARG,5205,4526917075.0
ARG,5206,614399256.0
ARG,5207,217965699.0
ARG,5208,4473911570.0
ARG,5209,2654437695.0
ARG,5210,638132107.0
ARG,5211,1368630955.0
ARG,5212,321456363.0
ARG,5301,855172487.0
ARG,5302,79807836.0
ARG,5303,54632841.0
ARG,5305,369516882.0
ARG,5306,320664032.0
ARG,5307,226734369.0
ARG,5308,56815814.0
ARG,5309,1074409887.0
ARG,5310,114852288.0
ARG,5311,79626963.0
ARG,5401,595652321.0
ARG,5402,10649600418.0
ARG,5403,712589396.0
ARG,5404,836980447.0
ARG,5405,18125105.0
ARG,5406,44955992.0
ARG,5407,11815518084.0
ARG,5408,606962731.0
ARG,5501,473217107.0
ARG,5502,1723986587.0
ARG,5503,3644759625.0
ARG,5504,1654182531.0
ARG,5505,135152322.0
ARG,5506,136955341.0
ARG,5507,27175901.0
ARG,5508,244302737.0
ARG,5509,1952525489.0
ARG,5510,621191570.0
ARG,5511,258128139.0
ARG,5512,1908816525.0
ARG,5513,696791168.0
ARG,5514,1118380842.0
ARG,5515,2094803360.0
ARG,5516,2090117145.0
ARG,5601,1655663349.0
ARG,5602,697736876.0
ARG,5603,10043626661.0
ARG,5604,392839691.0
ARG,5605,96266903.0
ARG,5606,340234200.0
ARG,5607,1439317196.0
ARG,5608,1061442854.0
ARG,5609,439880001.0
ARG,5701,457484975.0
ARG,5702,2358927552.0
ARG,5703,3560093434.0
ARG,5704,260684801.0
ARG,5705,944341302.0
ARG,5801,1334611686.0
ARG,5802,88725196.0
ARG,5803,50256563.0
ARG,5804,483360080.0
ARG,5805,25588341.0
ARG,5806,2143908688.0
ARG,5807,508893218.0
ARG,5808,222398638.0
ARG,5809,18993393.0
ARG,5810,756966175.0
ARG,5811,115061203.0
ARG,5901,262133498.0
ARG,5902,1452602411.0
ARG,5903,6634425642.0
ARG,5904,187396886.0
ARG,5905,84882551.0
ARG,5906,776657108.0
ARG,5907,396756493.0
ARG,5908,21084908.0
ARG,5909,167182825.0
ARG,5910,360912333.0
ARG,5911,3334376094.0
ARG,6001,2404006841.0
ARG,6002,11884997771.0
ARG,6101,1291294003.0
ARG,6102,2462878620.0
ARG,6103,6908742343.0
ARG,6104,17521785679.0
ARG,6105,5280903562.0
ARG,6106,3310502577.0
ARG,6107,3934287701.0
ARG,6108,6648726917.0
ARG,6109,25600904112.0
ARG,6110,35784472818.0
ARG,6111,2708483826.0
ARG,6112,2374521972.0
ARG,6113,695313505.0
ARG,6114,3973471186.0
ARG,6115,6765483295.0
ARG,6116,2728816026.0
ARG,6117,1744915598.0
ARG,6201,10849517902.0
ARG,6202,15077182695.0
ARG,6203,23206543612.0
ARG,6204,36764539884.0
ARG,6205,6954914982.0
ARG,6206,6874608260.0
ARG,6207,790750984.0
ARG,6208,1835767347.0
ARG,6209,1004097754.0
ARG,6210,6155605659.0
ARG,6211,8765267894.0
ARG,6212,5685487378.0
ARG,6213,82572720.0
ARG,6214,1928806782.0
ARG,6215,265387390.0
ARG,6216,617706256.0
ARG,6217,1566989542.0
ARG,6301,2483594275.0
ARG,6302,9717962891.0
ARG,6303,2229276439.0
ARG,6304,1627920679.0
ARG,6305,3364177757.0
ARG,6306,2642899037.0
ARG,6307,10486902829.0
ARG,6308,43314269.0
ARG,6309,2263868246.0
ARG,6310,379663718.0
ARG,6401,763092276.0
ARG,6402,20288620805.0
ARG,6403,31489141786.0
ARG,6404,22954900803.0
ARG,6405,1840513274.0
ARG,6406,4902156560.0
ARG,6501,75771516.0
ARG,6502,20163302.0
ARG,6504,200036012.0
ARG,6505,4304307720.0
ARG,6506,2157388356.0
ARG,6507,272989341.0
ARG,6601,1676339753.0
ARG,6602,107467701.0
ARG,6603,252587818.0
ARG,6701,63464184.0
ARG,6702,1660017568.0
ARG,6703,284734639.0
ARG,6704,2539905472.0
ARG,6801,457411960.0
ARG,6802,6363043142.0
ARG,6803,490580274.0
ARG,6804,3023960980.0
ARG,6805,2149615648.0
ARG,6806,2708102739.0
ARG,6807,1157515327.0
ARG,6808,310083901.0
ARG,6809,1250008859.0
ARG,6810,5504151680.0
ARG,6811,883538445.0
ARG,6812,60346457.0
ARG,6813,705170539.0
ARG,6814,274988190.0
ARG,6815,5995252228.0
ARG,6901,120724179.0
ARG,6902,2123713772.0
ARG,6903,1395414090.0
ARG,6904,770059144.0
ARG,6905,499321338.0
ARG,6906,75886682.0
ARG,6907,8666497164.0
ARG,6908,15920919.0
ARG,6909,3829929924.0
ARG,6910,4073294582.0
ARG,6911,3004328313.0
ARG,6912,1321010332.0
ARG,6913,781286028.0
ARG,6914,1171390705.0
ARG,7001,388589635.0
ARG,7002,718520094.0
ARG,7003,632976786.0
ARG,7004,490230091.0
ARG,7005,3380367199.0
ARG,7006,823464534.0
ARG,7007,6384728926.0
ARG,7008,972516815.0
ARG,7009,3728141673.0
ARG,7010,4739498204.0
ARG,7011,53489856.0
ARG,7013,4410887246.0
ARG,7014,291174460.0
ARG,7015,87660954.0
ARG,7016,579584214.0
ARG,7017,876285331.0
ARG,7018,761307587.0
ARG,7019,6996381361.0
ARG,7020,2061434215.0
ARG,7101,240911392.0
ARG,7102,31522510180.0
ARG,7103,4863641930.0
ARG,7104,2173467014.0
ARG,7105,196578264.0
ARG,7106,16379531094.0
ARG,7107,68514933.0
ARG,7108,299332023968.0
ARG,7109,25903499.0
ARG,7110,25985702225.0
ARG,7111,57235504.0
ARG,7112,20126579664.0
ARG,7113,60472572946.0
ARG,7114,835014981.0
ARG,7115,7387952216.0
ARG,7116,1232083397.0
ARG,7117,5266139408.0
ARG,7118,419105670.0
ARG,7201,2410304605.0
ARG,7202,17937267260.0
ARG,7203,2446987904.0
ARG,7204,27939982966.0
ARG,7205,1281380163.0
ARG,7206,373496424.0
ARG,7207,13820036051.0
ARG,7208,38133561231.0
ARG,7209,6823990720.0
ARG,7210,25703297626.0
ARG,7211,1859467150.0
ARG,7212,3173293172.0
ARG,7213,6609542163.0
ARG,7214,10911458106.0
ARG,7215,1085406344.0
ARG,7216,7225161958.0
ARG,7217,3219023378.0
ARG,7218,1778781536.0
ARG,7219,18296359291.0
ARG,7220,3015479357.0
ARG,7221,898096741.0
ARG,7222,4213762702.0
ARG,7223,1472257570.0
ARG,7224,2117392002.0
ARG,7225,17657955544.0
ARG,7226,2966874714.0
ARG,7227,2269184928.0
ARG,7228,4928783057.0
ARG,7229,1436957650.0
ARG,7301,935362981.0
ARG,7302,1897023711.0
ARG,7303,981136608.0
ARG,7304,12999807649.0
ARG,7305,3928526791.0
ARG,7306,10557883114.0
ARG,7307,10455050238.0
ARG,7308,34498257984.0
ARG,7309,2102699065.0
ARG,7310,3832445320.0
ARG,7311,2126016324.0
ARG,7312,4271741267.0
ARG,7313,129316615.0
ARG,7314,2798718220.0
ARG,7315,2645818718.0
ARG,7316,98780623.0
ARG,7317,1603896019.0
ARG,7318,20255821651.0
ARG,7319,180987119.0
ARG,7320,3605566961.0
ARG,7321,5575187085.0
ARG,7322,1432237319.0
ARG,7323,7865322797.0
ARG,7324,1828690426.0
ARG,7325,3153439946.0
ARG,7326,39673002913.0
ARG,7401,539668301.0
ARG,7402,9925693587.0
ARG,7403,37994595658.0
ARG,7404,16342169029.0
ARG,7405,147930384.0
ARG,7406,391294977.0
ARG,7407,4099180083.0
ARG,7408,13460449835.0
ARG,7409,6058986294.0
ARG,7410,2236694219.0
ARG,7411,5684781232.0
ARG,7412,2689591536.0
ARG,7413,1318291730.0
ARG,7415,815906188.0
ARG,7416,2510991485.0
ARG,7418,489714637.0
ARG,7419,405347143.0
ARG,7501,4662964765.0
ARG,7502,7405466793.0
ARG,7503,721713350.0
ARG,7504,501010708.0
ARG,7505,3336021537.0
ARG,7506,1168764802.0
ARG,7507,947270230.0
ARG,7508,2193805668.0
ARG,7601,47549096050.0
ARG,7602,10309098720.0
ARG,7603,423729360.0
ARG,7604,8648656254.0
ARG,7605,2409260357.0
ARG,7606,19638863982.0
ARG,7607,8950462355.0
ARG,7608,998812980.0
ARG,7609,498279062.0
ARG,7610,10228352243.0
ARG,7611,134450943.0
ARG,7612,2292209542.0
ARG,7613,405482653.0
ARG,7614,1007173224.0
ARG,7615,2825361241.0
ARG,7616,13313059940.0
ARG,7801,4446578961.0
ARG,7802,309680262.0
ARG,7804,279239797.0
ARG,7806,185424308.0
ARG,7901,8370416129.0
ARG,7902,353885986.0
ARG,7903,309867022.0
ARG,7904,101879875.0
ARG,7905,342310631.0
ARG,7907,654862860.0
ARG,8001,3126395706.0
ARG,8002,124782359.0
ARG,8003,256860728.0
ARG,8007,180796178.0
ARG,8101,916561888.0
ARG,8102,801651169.0
ARG,8103,465976523.0
ARG,8104,1019946289.0
ARG,8105,1868651629.0
ARG,8106,60329077.0
ARG,8107,18818292.0
ARG,8108,5873834581.0
ARG,8109,347250496.0
ARG,8110,526491658.0
ARG,8111,792102623.0
ARG,8112,1601079143.0
ARG,8113,781886576.0
ARG,8201,839860366.0
ARG,8202,2251296000.0
ARG,8203,1067854233.0
ARG,8204,1344635908.0
ARG,8205,3860167964.0
ARG,8206,560576273.0
ARG,8207,10416886989.0
ARG,8208,1707287456.0
ARG,8209,3517436667.0
ARG,8210,238858321.0
ARG,8211,1339831550.0
ARG,8212,2079044217.0
ARG,8213,406085904.0
ARG,8214,525528274.0
ARG,8215,1319516142.0
ARG,8301,6277735040.0
ARG,8302,20121628790.0
ARG,8303,538563681.0
ARG,8304,175192463.0
ARG,8305,405292102.0
ARG,8306,1478515244.0
ARG,8307,1585931634.0
ARG,8308,2690195307.0
ARG,8309,3125618143.0
ARG,8310,621487342.0
ARG,8311,1897486215.0
ARG,8401,3505221155.0
ARG,8402,2248793955.0
ARG,8403,3169690614.0
ARG,8404,773945703.0
ARG,8405,555327449.0
ARG,8406,2233847289.0
ARG,8407,28160916068.0
ARG,8408,22556695401.0
ARG,8409,33152946625.0
ARG,8410,590824422.0
ARG,8411,121785036650.0
ARG,8412,13728474568.0
ARG,8413,37066678491.0
ARG,8414,54130020906.0
ARG,8415,32958608821.0
ARG,8416,1529560975.0
ARG,8417,2941871557.0
ARG,8418,24730362775.0
ARG,8419,30811479629.0
ARG,8420,924186110.0
ARG,8421,44054782011.0
ARG,8422,17666255193.0
ARG,8423,2197428503.0
ARG,8424,11825875512.0
ARG,8425,4080164625.0
ARG,8426,8544957355.0
ARG,8427,13405614656.0
ARG,8428,19274994166.0
ARG,8429,25998646435.0
ARG,8430,5433285546.0
ARG,8431,33198384933.0
ARG,8432,3989627338.0
ARG,8433,8823463088.0
ARG,8434,1028748562.0
ARG,8435,150641266.0
ARG,8436,3252931424.0
ARG,8437,1183616653.0
ARG,8438,6938069906.0
ARG,8439,2880581667.0
ARG,8440,482357929.0
ARG,8441,3831716282.0
ARG,8442,722435886.0
ARG,8443,32272565364.0
ARG,8444,439933137.0
ARG,8445,1207397885.0
ARG,8446,613549215.0
ARG,8447,905125172.0
ARG,8448,2104306156.0
ARG,8449,389308538.0
ARG,8450,9000403166.0
ARG,8451,4707036549.0
ARG,8452,2207268039.0
ARG,8453,365448475.0
ARG,8454,1646522615.0
ARG,8455,3608843128.0
ARG,8456,3990747775.0
ARG,8457,5191558421.0
ARG,8458,3496868876.0
ARG,8459,1645043600.0
ARG,8460,2187530370.0
ARG,8461,1405001076.0
ARG,8462,5103696098.0
ARG,8463,1248025097.0
ARG,8464,1376605986.0
ARG,8465,3551556145.0
ARG,8466,12063785573.0
ARG,8467,4062265612.0
ARG,8468,492935395.0
ARG,8469,17462.0
ARG,8470,3014044493.0
ARG,8471,202182370058.0
ARG,8472,2001199287.0
ARG,8473,164574407938.0
ARG,8474,8452825083.0
ARG,8475,1929365432.0
ARG,8476,1075927376.0
ARG,8477,17823275258.0
ARG,8478,863067251.0
ARG,8479,97346983712.0
ARG,8480,8967222462.0
ARG,8481,64850022989.0
ARG,8482,20787318500.0
ARG,8483,33315504403.0
ARG,8484,2598241725.0
ARG,8485,7038373472.0
ARG,8501,46200349515.0
ARG,8502,11179594549.0
ARG,8503,11950934707.0
ARG,8504,91156655800.0
ARG,8505,6299794631.0
ARG,8506,5711927390.0
ARG,8507,69403461367.0
ARG,8508,8830882209.0
ARG,8509,16355962774.0
ARG,8510,3299333916.0
ARG,8511,11101622928.0
ARG,8512,15454712801.0
ARG,8513,1735285402.0
ARG,8514,3525934227.0
ARG,8515,5825938234.0
ARG,8516,33482079319.0
ARG,8517,21265663903.0
ARG,8518,32892925354.0
ARG,8519,1935756548.0
ARG,8520,48294.0
ARG,8521,30255340707.0
ARG,8522,389167176.0
ARG,8523,31681181559.0
ARG,8524,1618282.0
ARG,8525,349336810878.0
ARG,8526,15464284383.0
ARG,8527,5688393212.0
ARG,8528,34233573985.0
ARG,8529,23022887485.0
ARG,8530,1299774862.0
ARG,8531,11306652644.0
ARG,8532,13051759930.0
ARG,8533,5506064968.0
ARG,8534,15174377822.0
ARG,8535,5665706122.0
ARG,8536,71842319114.0
ARG,8537,43122396777.0
ARG,8538,24911652600.0
ARG,8539,4326386331.0
ARG,8540,1264014613.0
ARG,8541,65572261490.0
ARG,8542,223757952003.0
ARG,8543,39783557211.0
ARG,8544,83344265801.0
ARG,8545,2205488799.0
ARG,8546,1327625652.0
ARG,8547,4621117655.0
ARG,8548,1576420860.0
ARG,8601,802300763.0
ARG,8602,912785154.0
ARG,8603,3000720263.0
ARG,8604,602403299.0
ARG,8605,732357080.0
ARG,8606,4264196092.0
ARG,8607,6733565926.0
ARG,8608,494429563.0
ARG,8609,3619870875.0
ARG,8701,29736532011.0
ARG,8702,8913382204.0
ARG,8703,485030844981.0
ARG,8704,90451719507.0
ARG,8705,6223512812.0
ARG,8706,1413668425.0
ARG,8707,6252663420.0
ARG,8708,196650446814.0
ARG,8709,1186264502.0
ARG,8710,3072483537.0
ARG,8711,14372153504.0
ARG,8712,4525199945.0
ARG,8713,718013250.0
ARG,8714,10214792972.0
ARG,8715,1158137397.0
ARG,8716,12599546715.0
ARG,8801,45669684.0
ARG,8802,98383902196.0
ARG,8803,53878362124.0
ARG,8804,264444478.0
ARG,8805,1411138487.0
ARG,8901,28293652651.0
ARG,8902,275774240.0
ARG,8903,4296351115.0
ARG,8904,1327711297.0
ARG,8905,8016386283.0
ARG,8906,4055902375.0
ARG,8907,745998759.0
ARG,8908,199220660.0
ARG,9001,15094737808.0
ARG,9002,6842920351.0
ARG,9003,4838243252.0
ARG,9004,7983468885.0
ARG,9005,893667996.0
ARG,9006,1589451229.0
ARG,9007,377411908.0
ARG,9008,104192079.0
ARG,9009,680279872.0
ARG,9010,329875601.0
ARG,9011,2016728628.0
ARG,9012,2245952464.0
ARG,9013,8620747321.0
ARG,9014,5816906422.0
ARG,9015,5862314346.0
ARG,9016,295835513.0
ARG,9017,1325785719.0
ARG,9018,102157888273.0
ARG,9019,10323268736.0
ARG,9020,1024393225.0
ARG,9021,50903246381.0
ARG,9022,16820401895.0
ARG,9023,1830212426.0
ARG,9024,1378308295.0
ARG,9025,5254648966.0
ARG,9026,16815916222.0
ARG,9027,34027888671.0
ARG,9028,4076581131.0
ARG,9029,4399654768.0
ARG,9030,14120745073.0
ARG,9031,31274389141.0
ARG,9032,21090838721.0
ARG,9033,1928000527.0
ARG,9101,9778793420.0
ARG,9102,17736656274.0
ARG,9103,43952753.0
ARG,9104,30225813.0
ARG,9105,641619164.0
ARG,9106,221748897.0
ARG,9107,214119335.0
ARG,9108,286672120.0
ARG,9109,22340208.0
ARG,9110,136175113.0
ARG,9111,529863932.0
ARG,9112,16092120.0
ARG,9113,1593478361.0
ARG,9114,865662416.0
ARG,9201,403612335.0
ARG,9202,528105553.0
ARG,9205,489011991.0
ARG,9206,180685383.0
ARG,9207,1587616806.0
ARG,9208,67577418.0
ARG,9209,970118228.0
ARG,9301,995118393.0
ARG,9302,911836133.0
ARG,9303,1039899625.0
ARG,9304,378428136.0
ARG,9305,1198508234.0
ARG,9306,5556856916.0
ARG,9307,33695027.0
ARG,9401,38929892330.0
ARG,9402,2135930974.0
ARG,9403,39345901852.0
ARG,9404,10005801444.0
ARG,9405,23897365229.0
ARG,9406,4935825347.0
ARG,9503,26019954193.0
ARG,9504,17161319117.0
ARG,9505,6845145876.0
ARG,9506,16220215209.0
ARG,9507,2245672631.0
ARG,9508,986121293.0
ARG,9601,81422772.0
ARG,9602,595015781.0
ARG,9603,6082203042.0
ARG,9604,20993449.0
ARG,9605,178879627.0
ARG,9606,898369718.0
ARG,9607,1197446951.0
ARG,9608,3377459072.0
ARG,9609,691799784.0
ARG,9610,341182764.0
ARG,9611,132636988.0
ARG,9612,1003195644.0
ARG,9613,870986314.0
ARG,9614,94643217.0
ARG,9615,1334118139.0
ARG,9616,976303685.0
ARG,9617,2706025954.0
ARG,9618,292417417.0
ARG,9701,11466382392.0
ARG,9702,223919389.0
ARG,9703,2540872078.0
ARG,9704,70200662.0
ARG,9705,1155714065.0
ARG,9706,1455023260.0
