iso3_d,hs92,potential_market_size_2020,potential_market_size_2024,potential_market_growth_5y
ARG,0101,2285811468.0,2674762142.0,0.031926943732881075
ARG,0102,3102119926.0,4566229366.0,0.08038818929556113
ARG,0103,1352825977.0,1932435672.0,0.0739217108800756
ARG,0104,472807940.0,621089219.0,0.05607277264161881
ARG,0105,1463654728.0,1959759073.0,0.06011458306265416
ARG,0106,862253773.0,1150950436.0,0.05945936363766635
ARG,0201,8436783397.0,13617712393.0,0.10048835576549608
ARG,0202,9269536763.0,15137980314.0,0.1030672255732612
ARG,0203,17960103118.0,24823662733.0,0.06686976453691895
ARG,0204,3807018052.0,5242037933.0,0.06606342746622262
ARG,0205,280725375.0,240179666.0,-0.0307162917138043
ARG,0206,2736843298.0,3591061125.0,0.05583139881029053
ARG,0207,12948185630.0,19811044259.0,0.08877888592024141
ARG,0208,371041480.0,491439066.0,0.057814321816257896
ARG,0209,417875349.0,498026318.0,0.03571700841260794
ARG,0210,1317750089.0,1749172766.0,0.0582783963281428
ARG,0301,650247544.0,840613834.0,0.052697429528596906
ARG,0302,9907178654.0,12775467759.0,0.05216866344562776
ARG,0303,10146663937.0,11571618004.0,0.026630499748292014
ARG,0304,12511924397.0,15549381846.0,0.044426309729618696
ARG,0305,3175484797.0,3569619872.0,0.023675682155311684
ARG,0306,14441052386.0,15302951741.0,0.01166161726813475
ARG,0307,4037847900.0,5782796283.0,0.07447814793569107
ARG,0401,6190597948.0,8993438835.0,0.07755299212791877
ARG,0402,10079355576.0,10716084997.0,0.012326665482186305
ARG,0403,2628359545.0,3478742764.0,0.05766347880138878
ARG,0404,2946848938.0,3250127259.0,0.019784715584678425
ARG,0405,5590512107.0,8355442351.0,0.08368626985400107
ARG,0406,15407708368.0,22382133128.0,0.07753822387570852
ARG,0407,1602981659.0,2455983182.0,0.0890789577357165
ARG,0408,506004650.0,962635865.0,0.13726456106309004
ARG,0409,1077578335.0,1286836423.0,0.036131551518465255
ARG,0410,237510722.0,211031700.0,-0.023363625228138396
ARG,0501,89955936.0,27449664.0,-0.21131888600026483
ARG,0502,32391601.0,26702363.0,-0.037892818735715705
ARG,0504,2897411129.0,3032265675.0,0.00914000979832763
ARG,0505,469097844.0,634576287.0,0.062292414843396315
ARG,0506,178998324.0,204094035.0,0.026588203433927315
ARG,0507,44539544.0,51006006.0,0.02748410054007966
ARG,0508,72267356.0,58955524.0,-0.03990000462390397
ARG,0510,180170404.0,186551349.0,0.0069849696930861516
ARG,0511,1212215490.0,1576934314.0,0.05401491107298462
ARG,0601,946130510.0,1113250690.0,0.033066753367597235
ARG,0602,3997927137.0,4940113371.0,0.043230818363051426
ARG,0603,3340572046.0,4506289874.0,0.0616947173853577
ARG,0604,443680009.0,564781046.0,0.049450721525302166
ARG,0701,2173145883.0,3760370936.0,0.11590792320435117
ARG,0702,3525006330.0,4583788031.0,0.05393281062910038
ARG,0703,3800577583.0,4931361975.0,0.05347311303399893
ARG,0704,2103872449.0,2580928024.0,0.04172070784798576
ARG,0705,939851784.0,1238333062.0,0.056709518968025785
ARG,0706,1168491642.0,1521094316.0,0.05415896525256714
ARG,0707,1036407009.0,1592834944.0,0.0897530336619985
ARG,0708,1264077781.0,1327799160.0,0.009884527439165902
ARG,0709,6573340106.0,7932490311.0,0.03830438798487035
ARG,0710,4814939606.0,5972962859.0,0.04404638511431136
ARG,0711,225387022.0,330894957.0,0.0798221918973474
ARG,0712,1869593966.0,2275981005.0,0.04012196334824614
ARG,0713,6144045393.0,8353833649.0,0.0633745975273301
ARG,0714,933273882.0,1088752131.0,0.03129753852633277
ARG,0801,4542754369.0,4882099994.0,0.014512688476089108
ARG,0802,12148157477.0,12388199908.0,0.003921045042603266
ARG,0803,7839323649.0,8820390602.0,0.023862989879552154
ARG,0804,7686959587.0,10814196308.0,0.070651008026829
ARG,0805,9898065808.0,10294760682.0,0.00789010995938999
ARG,0806,5468868154.0,6948485171.0,0.049055672232133585
ARG,0807,1688107562.0,1996919193.0,0.03417033311841644
ARG,0808,5057966388.0,5586683012.0,0.020083254321555444
ARG,0809,4436946164.0,5043609884.0,0.025962449063335447
ARG,0810,13947648973.0,18736807073.0,0.06081320026878112
ARG,0811,4567017242.0,5157542641.0,0.02461812769894367
ARG,0812,98631067.0,157679192.0,0.09837877209922707
ARG,0813,1530855304.0,2017582010.0,0.05676740817605408
ARG,0814,62052299.0,82314665.0,0.05814179259890184
ARG,0901,17352885719.0,26950337859.0,0.09203988728440371
ARG,0902,3143022887.0,3507571124.0,0.022190377879228507
ARG,0903,81345702.0,83999359.0,0.006440887683965668
ARG,0904,2055637721.0,3300037073.0,0.0992954947064415
ARG,0905,466938330.0,190143187.0,-0.16446576625969533
ARG,0906,370973717.0,381690656.0,0.005712104822835906
ARG,0907,142415863.0,264665148.0,0.13195113156816163
ARG,0908,981887983.0,650233136.0,-0.07912341468201989
ARG,0909,549179887.0,810428798.0,0.08093616747099941
ARG,0910,1919388858.0,2232745043.0,0.030707017420891214
ARG,1001,30299981480.0,33624511480.0,0.02103992435832125
ARG,1002,134443628.0,147879047.0,0.01923254804909158
ARG,1003,5679876102.0,5368178348.0,-0.011224686994944832
ARG,1004,664746403.0,629549275.0,-0.010821322084320517
ARG,1005,23516418682.0,26025797405.0,0.02048487490186557
ARG,1006,14038497510.0,17390046026.0,0.04374887509437997
ARG,1007,401053530.0,346472931.0,-0.028834170472310627
ARG,1008,916654147.0,808698772.0,-0.0247493347798049
ARG,1101,1968675362.0,2557623846.0,0.05373768787292854
ARG,1102,615670925.0,821731957.0,0.059439854685554794
ARG,1103,597987574.0,667088762.0,0.022111543108298326
ARG,1104,966867835.0,1070106264.0,0.020497531925276702
ARG,1105,574435625.0,719835536.0,0.046160656688368995
ARG,1106,357157723.0,425878817.0,0.035822161860010526
ARG,1107,1633555937.0,2469349339.0,0.08614974534258524
ARG,1108,2303669365.0,3126434105.0,0.06298179457140907
ARG,1109,511573758.0,564263420.0,0.019799342554440935
ARG,1201,19934676863.0,21833242335.0,0.018361112858514828
ARG,1202,2150222372.0,2802729938.0,0.05443442263021292
ARG,1203,19012498.0,38266326.0,0.1501527366903619
ARG,1204,695475562.0,822321202.0,0.034074723997603806
ARG,1205,8334729636.0,8236746265.0,-0.0023623419274590995
ARG,1206,2853923719.0,2667128006.0,-0.013447276687124199
ARG,1207,3308923912.0,4017541939.0,0.03957236869556602
ARG,1208,431442955.0,608071453.0,0.07104137116271447
ARG,1209,3399894937.0,4263927188.0,0.04633043175288054
ARG,1210,353692549.0,375275745.0,0.011917058121077684
ARG,1211,1987168426.0,2830674058.0,0.07332448651611534
ARG,1212,815912378.0,960290628.0,0.033122532669824345
ARG,1213,288180215.0,332716299.0,0.029157831207836216
ARG,1214,1337036320.0,1213645372.0,-0.019179081157464473
ARG,1301,470242951.0,686796850.0,0.0787012949496455
ARG,1302,3845890461.0,4347801535.0,0.024836442455868468
ARG,1401,144843867.0,164596381.0,0.025897648197209966
ARG,1404,631757806.0,765912440.0,0.03926356375894979
ARG,1501,242376966.0,348249034.0,0.075176380249806
ARG,1502,604475148.0,1298795076.0,0.16528575277901192
ARG,1503,2375819.0,186459256.0,1.3930629290458727
ARG,1504,787067928.0,1662960372.0,0.16137891442473062
ARG,1505,50561665.0,65397970.0,0.0528065547140848
ARG,1506,282355162.0,363391282.0,0.05175783134130851
ARG,1507,5086137037.0,6163909801.0,0.03918685247519571
ARG,1508,185672185.0,278519750.0,0.08448070550838449
ARG,1509,3230259277.0,7138835841.0,0.17186613108800208
ARG,1510,162248253.0,488949124.0,0.24685723203069654
ARG,1511,17064860307.0,19387041517.0,0.025845034344451845
ARG,1512,7378674229.0,11350719477.0,0.0899561113904126
ARG,1513,3172800480.0,5036054456.0,0.09680527629377744
ARG,1514,3790750936.0,7305487032.0,0.14020984004486148
ARG,1515,3001355082.0,3986095262.0,0.05839080696251364
ARG,1516,2309659588.0,3105821074.0,0.06102518189621353
ARG,1517,3656851465.0,5240620001.0,0.07462037328854665
ARG,1518,2657028636.0,6666423813.0,0.20198579997296529
ARG,1519,5216780801.0,8267244244.0,0.09645707923446434
ARG,1520,1150206456.0,1391975228.0,0.03889376809111944
ARG,1521,226481200.0,245685398.0,0.01641118980670009
ARG,1522,152211316.0,496071407.0,0.26654157673316936
ARG,1601,2512778757.0,3562766544.0,0.07232547292929725
ARG,1602,10375497398.0,14430180718.0,0.06819998823188245
ARG,1603,162744773.0,133245565.0,-0.03920852102025241
ARG,1604,9769041686.0,10641086273.0,0.01724789606422661
ARG,1605,8464328378.0,9307284248.0,0.019168740695108655
ARG,1701,13516281729.0,21867151842.0,0.10099918382546202
ARG,1702,5136748972.0,7254464634.0,0.07147836183825418
ARG,1703,815793831.0,843371305.0,0.006671285099991486
ARG,1704,4846642288.0,8271219252.0,0.11282202638213112
ARG,1801,6738866246.0,11669163543.0,0.11606779907797793
ARG,1802,87782186.0,301451314.0,0.27985909180974766
ARG,1803,2200866368.0,4208501975.0,0.13843115467982514
ARG,1804,3181356945.0,7169250371.0,0.17644673738278382
ARG,1805,1494680654.0,2439522107.0,0.10293842924037588
ARG,1806,14258467662.0,22074616748.0,0.09135002681143312
ARG,1901,11798780867.0,15657425683.0,0.058221655601632394
ARG,1902,6157724054.0,8783437168.0,0.07361570351946978
ARG,1903,55560218.0,89486029.0,0.10001411791982062
ARG,1904,2880572003.0,3468011102.0,0.03781596851162705
ARG,1905,17198455033.0,27570712396.0,0.09898486269979578
ARG,2001,811456828.0,1222801172.0,0.08547065097301965
ARG,2002,2281434211.0,3663854832.0,0.0993755185258971
ARG,2003,547928703.0,592944963.0,0.015916623005913344
ARG,2004,3420408771.0,6476091730.0,0.13617962289067842
ARG,2005,5358333457.0,7313686077.0,0.06419524889689199
ARG,2006,260184745.0,303529759.0,0.0312973207542111
ARG,2007,1446165564.0,1998280429.0,0.06681148811022375
ARG,2008,11142185824.0,14167981014.0,0.049222303314235605
ARG,2009,8259880329.0,12334401580.0,0.0834998754917915
ARG,2101,4388861241.0,6814027072.0,0.09196923018463798
ARG,2102,1052302222.0,1435732513.0,0.06411020845736926
ARG,2103,6588649834.0,9826783049.0,0.08323575913079151
ARG,2104,1547686857.0,2315358774.0,0.08389456931855754
ARG,2105,2230877230.0,3184360672.0,0.07376517897354296
ARG,2106,30907737632.0,39413971633.0,0.049824240766487504
ARG,2201,2036420114.0,3321524097.0,0.10279301309652733
ARG,2202,11311127600.0,14756173787.0,0.054614096285548586
ARG,2203,7897622062.0,9923612650.0,0.04673004798162439
ARG,2204,19548825026.0,22263523499.0,0.02634801753037963
ARG,2205,151760782.0,265865015.0,0.11866571342936316
ARG,2206,963673984.0,1113089405.0,0.029247884093243526
ARG,2207,5812971595.0,8225149077.0,0.07188727566378006
ARG,2208,16083084697.0,21822570342.0,0.06293647583822382
ARG,2209,429108924.0,525908091.0,0.04152203173626545
ARG,2301,3125056035.0,3777923728.0,0.03867355709750964
ARG,2302,1666443586.0,1970244110.0,0.03406034640212163
ARG,2303,3350287174.0,3938359557.0,0.03287238364358713
ARG,2304,13841092724.0,16949139316.0,0.04134696177971087
ARG,2305,20461276.0,30231196.0,0.08119623096184125
ARG,2306,5402913403.0,6734230116.0,0.04503777496133177
ARG,2307,975873.0,1800080.0,0.13026349444785268
ARG,2308,753477771.0,850276578.0,0.024466954736335644
ARG,2309,15202417430.0,21391281010.0,0.07069266615889869
ARG,2401,6090193326.0,7685698972.0,0.04763610747980018
ARG,2402,14675778931.0,16066990864.0,0.018278741455028724
ARG,2403,6090660252.0,8166187888.0,0.06040312445885876
ARG,2501,2350323758.0,2944524963.0,0.04611037659777306
ARG,2502,25920379.0,48031664.0,0.13129861914691565
ARG,2503,1660319470.0,3352557592.0,0.15089821707939044
ARG,2504,243185206.0,386488078.0,0.09708376954392994
ARG,2505,1130430919.0,1377010919.0,0.04025226786995528
ARG,2506,410868736.0,553801273.0,0.06152486321900441
ARG,2507,913856385.0,1092810604.0,0.03641428431351712
ARG,2508,1210808447.0,1569751155.0,0.053297549600595184
ARG,2509,84482192.0,73432297.0,-0.02764603843732938
ARG,2510,1684297210.0,2288342446.0,0.0632134389205512
ARG,2511,190402167.0,349099152.0,0.1288997617982397
ARG,2512,64460745.0,83210529.0,0.05238970873711968
ARG,2513,160258070.0,205345884.0,0.050831828978805005
ARG,2514,43823336.0,30793568.0,-0.06813947313133983
ARG,2515,602047902.0,814261488.0,0.06224958340902664
ARG,2516,939499811.0,764076601.0,-0.040493236034877644
ARG,2517,1758045360.0,2120783198.0,0.03822920091653326
ARG,2518,304111157.0,364862096.0,0.03709676370243531
ARG,2519,1088531653.0,1224692423.0,0.023852025362767648
ARG,2520,816593789.0,1092531754.0,0.05995053698425035
ARG,2521,269206102.0,333400280.0,0.04370127044530614
ARG,2522,455617778.0,520479831.0,0.026976837592766145
ARG,2523,4362083776.0,5877981769.0,0.061467854478677086
ARG,2524,256289196.0,345235392.0,0.061394914677497026
ARG,2525,93810470.0,93146812.0,-0.0014189120229892715
ARG,2526,573225533.0,674787487.0,0.03316170130970186
ARG,2528,150614698.0,223838979.0,0.08246452451358777
ARG,2529,947057973.0,958020595.0,0.0023044445222317744
ARG,2530,1180858772.0,1415986629.0,0.03698443672387364
ARG,2601,26497646836.0,28941723420.0,0.017802272677722497
ARG,2602,1916967817.0,2264536405.0,0.03388657727713218
ARG,2603,14775765009.0,20152996439.0,0.06403994121977918
ARG,2604,870168476.0,1658752041.0,0.13772060843828493
ARG,2605,27561047.0,19415380.0,-0.06766918909764963
ARG,2606,1702634629.0,1418631795.0,-0.035838811281856287
ARG,2607,2012880493.0,1832765399.0,-0.018573507228132224
ARG,2608,4351459415.0,5349563730.0,0.04216548453101332
ARG,2609,536717616.0,514709503.0,-0.008338923030577039
ARG,2610,771348025.0,3319864154.0,0.33897968593058714
ARG,2611,92325963.0,94476162.0,0.004615048179355874
ARG,2612,192177801.0,716554708.0,0.3010956558508673
ARG,2613,1920793786.0,4327536694.0,0.17639184004616504
ARG,2614,1523685041.0,1492188149.0,-0.004168919992830644
ARG,2615,687517842.0,891052746.0,0.053231617531787956
ARG,2616,5908325299.0,5170878016.0,-0.02631163872558695
ARG,2617,178294925.0,302416163.0,0.11145837702518291
ARG,2618,385486125.0,630605333.0,0.10344267916370908
ARG,2619,213969419.0,217611328.0,0.003381197296804528
ARG,2620,10234387410.0,7379320936.0,-0.06332072907896047
ARG,2621,292717144.0,310304201.0,0.011737620728763165
ARG,2701,46534842870.0,73760997747.0,0.09650270192907295
ARG,2702,382637068.0,633755584.0,0.10618292841968446
ARG,2703,895061070.0,963503457.0,0.014845947431375128
ARG,2704,2683360587.0,4925215601.0,0.12914376818325302
ARG,2705,1527674.0,1378785.0,-0.0202998545072135
ARG,2706,395584838.0,543733345.0,0.06568601350466285
ARG,2707,9581086906.0,18897662953.0,0.14550941726159494
ARG,2708,417020283.0,578733665.0,0.06773705164066546
ARG,2709,305358159934.0,555180742706.0,0.12700274209508344
ARG,2710,239916796151.0,473207085657.0,0.14550797518696013
ARG,2711,101171039373.0,237353531461.0,0.18595414467582683
ARG,2712,1375460360.0,1929367587.0,0.0700236578256761
ARG,2713,8888882515.0,14035649460.0,0.09566318523796724
ARG,2714,414646854.0,191983536.0,-0.14273099407678647
ARG,2715,904812690.0,1013563923.0,0.022959623127496664
ARG,2716,13215068951.0,27053627176.0,0.15406750675853598
ARG,2801,977362749.0,1872783700.0,0.13890203164716097
ARG,2802,78268187.0,277710325.0,0.2882535578322758
ARG,2803,2311406711.0,3719795161.0,0.0998375196732928
ARG,2804,4221457961.0,6009962133.0,0.07320293912231901
ARG,2805,348562028.0,395672996.0,0.02567853658470276
ARG,2806,103758275.0,201259752.0,0.14168642727716807
ARG,2807,595182018.0,1070060971.0,0.12448002334957153
ARG,2808,183693453.0,283100347.0,0.09035857842630213
ARG,2809,1787601214.0,2592723736.0,0.07720192424180516
ARG,2810,193504472.0,344270971.0,0.12212665735817407
ARG,2811,2917432255.0,3700328651.0,0.048691876030011905
ARG,2812,246511851.0,288553979.0,0.031995617311025626
ARG,2813,124710888.0,137608495.0,0.019877885077710378
ARG,2814,2554305458.0,5020389385.0,0.1447032457819586
ARG,2815,1740027482.0,2313712394.0,0.05864573715350119
ARG,2816,164330613.0,195292627.0,0.03512661306763887
ARG,2817,590352739.0,693219736.0,0.032646951327480744
ARG,2818,6383243242.0,9065702800.0,0.0726845282845976
ARG,2819,278002125.0,360837168.0,0.05354388330749171
ARG,2820,201255767.0,214759789.0,0.013073434006460882
ARG,2821,498880136.0,610418757.0,0.04118123344640168
ARG,2822,1672639284.0,469061126.0,-0.22452923472171282
ARG,2823,414150324.0,457087827.0,0.01992521801404079
ARG,2824,45199679.0,43560951.0,-0.0073585632698106584
ARG,2825,2019758462.0,3083276696.0,0.08828492371625907
ARG,2826,782976487.0,848204822.0,0.016132643405453617
ARG,2827,1537227095.0,2145531278.0,0.06895485447321503
ARG,2828,265268546.0,346127306.0,0.05465404103672644
ARG,2829,331521208.0,396453101.0,0.0364207530049836
ARG,2830,288250962.0,406828351.0,0.07134189647259648
ARG,2831,115024483.0,132414834.0,0.028559145508965544
ARG,2832,199709841.0,329620420.0,0.10540882771292148
ARG,2833,2430919611.0,2891325528.0,0.03529777032385528
ARG,2834,503508403.0,651058760.0,0.05274380095827591
ARG,2835,1463606752.0,2001574627.0,0.06460739006877825
ARG,2836,4787486737.0,6154974517.0,0.05153500595353133
ARG,2837,646695623.0,718897652.0,0.021394297234250903
ARG,2839,376165687.0,492627338.0,0.05542618866511395
ARG,2840,442993909.0,627523500.0,0.0721275298634787
ARG,2841,977324444.0,3171902871.0,0.26548273306064996
ARG,2842,729686260.0,1139118989.0,0.09316718036529359
ARG,2843,4158494946.0,3635276282.0,-0.02653520735080328
ARG,2844,6610740556.0,15862304209.0,0.191305734347466
ARG,2845,356459281.0,2057693098.0,0.4199535401590282
ARG,2846,555142028.0,750263073.0,0.062091401270224056
ARG,2847,263985891.0,344046062.0,0.05440431613309604
ARG,2848,0.0,0.0,0.0
ARG,2849,1009845599.0,1366075295.0,0.06229205179728359
ARG,2850,232569467.0,242507797.0,0.008404097658548881
ARG,2851,1698722671.0,423277671.0,-0.24264311963577945
ARG,2901,10115530044.0,12737232422.0,0.04717022687876948
ARG,2902,12082082097.0,16469909426.0,0.06392223584102119
ARG,2903,5261159253.0,6218576002.0,0.03400324030316204
ARG,2904,844868709.0,965260801.0,0.027001525892250022
ARG,2905,12729726886.0,16422213116.0,0.05225868643316356
ARG,2906,1192428900.0,1286538230.0,0.0153085432973048
ARG,2907,2491393670.0,3137656975.0,0.04720720398262834
ARG,2908,266917002.0,219066500.0,-0.03874204632310474
ARG,2909,5037203197.0,8529716130.0,0.11108944394861986
ARG,2910,1995954905.0,2193488280.0,0.019053344497195868
ARG,2911,45744954.0,53970452.0,0.03362396963371883
ARG,2912,1246221204.0,1391960229.0,0.022365858803960803
ARG,2913,44406545.0,32470703.0,-0.06069000991672158
ARG,2914,3716945388.0,4238359757.0,0.02660252342706415
ARG,2915,7665914540.0,9499608065.0,0.043826559063456116
ARG,2916,5117597256.0,5706555914.0,0.02202517674689397
ARG,2917,6391271980.0,9880834838.0,0.09104149484131496
ARG,2918,4195002762.0,5172585508.0,0.04278574461770912
ARG,2919,584210088.0,573672586.0,-0.0036337482902193408
ARG,2920,859220512.0,1067579753.0,0.04438142369979525
ARG,2921,5191579566.0,6680875220.0,0.05173607147910553
ARG,2922,8949446402.0,9744963253.0,0.017177644919385227
ARG,2923,1405091467.0,1713852263.0,0.040527966141165495
ARG,2924,3723274655.0,4631331859.0,0.04461477816489068
ARG,2925,889553478.0,1238080803.0,0.06835450467465454
ARG,2926,2649300146.0,2255221860.0,-0.03169623205113514
ARG,2927,264007086.0,278899888.0,0.01103584041720973
ARG,2928,435820433.0,547229011.0,0.04657969609494228
ARG,2929,2488660155.0,2967704278.0,0.035836011915389765
ARG,2930,3521226201.0,4305264639.0,0.04102506316659382
ARG,2931,2038086201.0,2492529306.0,0.04107866124990189
ARG,2932,5684465632.0,6685156447.0,0.03296209695670016
ARG,2933,29916676075.0,31485474214.0,0.010274473672399198
ARG,2934,11862324385.0,11336423704.0,-0.009028294193694664
ARG,2935,5152356382.0,3052228764.0,-0.09942012607932038
ARG,2936,4773266703.0,4988170513.0,0.008846561156148347
ARG,2937,5655602057.0,18448550461.0,0.26676682414413544
ARG,2938,882350040.0,991914741.0,0.023685818634307854
ARG,2939,1000455906.0,1261924570.0,0.04753149375984567
ARG,2940,711247084.0,928143195.0,0.0546755963656822
ARG,2941,7950539042.0,6406593692.0,-0.04226331818799889
ARG,2942,575515936.0,546640508.0,-0.010242294512303629
ARG,3001,2647491305.0,2143333388.0,-0.041369952765732076
ARG,3002,98398251970.0,176729101758.0,0.12425321286619928
ARG,3003,8121518973.0,9935517664.0,0.04114363235693874
ARG,3004,229217176365.0,272981106896.0,0.03556433874660203
ARG,3005,3830353509.0,4936449416.0,0.05204705923645325
ARG,3006,7889518041.0,9986713261.0,0.048273051706903436
ARG,3101,638905989.0,730575756.0,0.0271778823355453
ARG,3102,8790470218.0,13757374468.0,0.09371631453236873
ARG,3103,633468888.0,1678822394.0,0.21522275407829472
ARG,3104,6917791199.0,10131271155.0,0.07929284481866894
ARG,3105,8860631904.0,14800289737.0,0.10805445570674932
ARG,3201,157699637.0,184601428.0,0.03200279264927852
ARG,3202,254911988.0,277425541.0,0.017070918013745606
ARG,3203,807842127.0,916816865.0,0.025631189651611708
ARG,3204,7140528181.0,7091879419.0,-0.0013663382837321159
ARG,3205,87403205.0,143002054.0,0.10347623257641603
ARG,3206,7188755592.0,7776651816.0,0.01584579509757278
ARG,3207,2041403295.0,2495580676.0,0.04099480100038688
ARG,3208,7902127948.0,10101632811.0,0.05033903056537126
ARG,3209,2996669965.0,3566402872.0,0.03542416673182802
ARG,3210,431296737.0,528494364.0,0.041484563915754835
ARG,3211,121268543.0,129478883.0,0.013188278639786777
ARG,3212,1161302764.0,1340892821.0,0.02917616851943805
ARG,3213,419209983.0,426637809.0,0.0035188734834588065
ARG,3214,3907270611.0,5534710268.0,0.07212217836762602
ARG,3215,8459641500.0,8491611564.0,0.0007546855434270583
ARG,3301,3172836914.0,3893147446.0,0.04176705832121552
ARG,3302,12514146749.0,17497617588.0,0.06933931795087878
ARG,3303,6474396997.0,13581964247.0,0.15971867689436547
ARG,3304,26898867324.0,40771585077.0,0.08673766792405169
ARG,3305,6610051138.0,9018479963.0,0.06410799221652597
ARG,3306,2636526711.0,3312210147.0,0.046687750358644475
ARG,3307,5976990714.0,7521197860.0,0.047034245733315494
ARG,3401,3512135016.0,3550280641.0,0.0021628425649897753
ARG,3402,18372925570.0,22273125842.0,0.03925128705038117
ARG,3403,5005671588.0,6611740537.0,0.05723294963973946
ARG,3404,1771913827.0,2531950118.0,0.07399561860088544
ARG,3405,1238724409.0,1452869450.0,0.03240566581243276
ARG,3406,1003741881.0,1523753631.0,0.08707258064635925
ARG,3407,373891786.0,529080791.0,0.07190232759630111
ARG,3501,1602967007.0,1748283051.0,0.01750706341978603
ARG,3502,1142306439.0,2157189789.0,0.13558891939634043
ARG,3503,1023542581.0,1037905772.0,0.0027909421731524553
ARG,3504,1989260119.0,2723930184.0,0.06488051201900213
ARG,3505,2364502217.0,3195541859.0,0.06208911287947583
ARG,3506,6519586444.0,8349322143.0,0.050718149198964335
ARG,3507,2567401756.0,3246944627.0,0.0480842861197861
ARG,3601,184245749.0,456179963.0,0.1988027922885116
ARG,3602,418266776.0,720189463.0,0.11480441200290303
ARG,3603,711257696.0,1012404565.0,0.07316233866709942
ARG,3604,464132512.0,754740825.0,0.1021258028726657
ARG,3605,84385115.0,84454027.0,0.0001632740574926128
ARG,3606,156820461.0,189363452.0,0.03843349300098575
ARG,3701,2172139960.0,2530677859.0,0.031026462364189156
ARG,3702,496939835.0,523670344.0,0.010533775537325818
ARG,3703,223558362.0,171495975.0,-0.05164136576135836
ARG,3704,22894032.0,22401575.0,-0.004339556067577965
ARG,3705,768991206.0,973451749.0,0.04828316505237251
ARG,3706,6340949.0,3235110.0,-0.12592850294778335
ARG,3707,2485053872.0,2205930492.0,-0.02354731675039823
ARG,3801,1387420590.0,1914755216.0,0.06654952145461834
ARG,3802,1548675981.0,2081281048.0,0.06089898367840796
ARG,3803,237027162.0,313136830.0,0.05727315879666084
ARG,3804,204230297.0,245704014.0,0.037667982109739206
ARG,3805,172285150.0,142443726.0,-0.03732632476692288
ARG,3806,730901604.0,953428664.0,0.05459536414455202
ARG,3807,33099306.0,47181179.0,0.07347016913559168
ARG,3808,14154379557.0,15832634582.0,0.022662827587554224
ARG,3809,2585913584.0,2928225372.0,0.02517521588007421
ARG,3810,763129495.0,1041047640.0,0.06408047156643204
ARG,3811,6325545733.0,8256494484.0,0.054725725828416394
ARG,3812,2255306190.0,2990752115.0,0.05807141436866359
ARG,3813,132765162.0,185041976.0,0.06865427036611949
ARG,3814,972300521.0,1239945424.0,0.049833459945395564
ARG,3815,13144395018.0,14462106479.0,0.019291002281421
ARG,3816,1094291943.0,1453961544.0,0.058483137310954
ARG,3817,987582313.0,1117860765.0,0.02509208919628314
ARG,3818,3437068519.0,4535916591.0,0.05704961890503091
ARG,3819,353125898.0,553014408.0,0.09385907792447234
ARG,3820,431116334.0,662105462.0,0.0895986051351112
ARG,3821,2261564742.0,2345453751.0,0.007310984293264822
ARG,3822,11553881409.0,22295252.0,-0.713518292847189
ARG,3823,36873636551.0,55109399220.0,0.08368220309233765
ARG,3901,36165594653.0,46624395921.0,0.052115748931088834
ARG,3902,22744359446.0,28665763179.0,0.04736476554233371
ARG,3903,8880844853.0,11547037785.0,0.05390935801423824
ARG,3904,8894874091.0,10634235039.0,0.036366318152072585
ARG,3905,3146751411.0,4088875849.0,0.0537759867379346
ARG,3906,9347263769.0,11490461374.0,0.042150866126423825
ARG,3907,28405617825.0,36960330045.0,0.054062396450756056
ARG,3908,7361322611.0,9301927957.0,0.04790864714024168
ARG,3909,8119465165.0,11885982076.0,0.07919898852431007
ARG,3910,3990388723.0,5005060240.0,0.04635443855683974
ARG,3911,3578801437.0,4646509093.0,0.053605035695985404
ARG,3912,3270637414.0,3883430969.0,0.03494349177030798
ARG,3913,1731604663.0,2361247793.0,0.06399249267532992
ARG,3914,1215482810.0,1588282438.0,0.05495948829398123
ARG,3915,1491327565.0,1955035523.0,0.05564117530031831
ARG,3916,2435967983.0,3332460779.0,0.06467901509190899
ARG,3917,10015983008.0,14197309168.0,0.07226589332778666
ARG,3918,5348174625.0,6290177459.0,0.03297893143700659
ARG,3919,11361930393.0,14729740639.0,0.05329153793308872
ARG,3920,33325735465.0,39460333498.0,0.03437068023136636
ARG,3921,15321676810.0,19267059696.0,0.0468918748018996
ARG,3922,2041775583.0,2539260373.0,0.044575525032538144
ARG,3923,24479221728.0,31294112410.0,0.050347500832985004
ARG,3924,9003577831.0,12098295293.0,0.060869128316223486
ARG,3925,3528538822.0,4952452069.0,0.07015103585690885
ARG,3926,56766975618.0,93064427325.0,0.10391997162196653
ARG,4001,5166601284.0,6670320886.0,0.05241821430300875
ARG,4002,8833604339.0,11542242722.0,0.05494653968212493
ARG,4003,170530752.0,237828474.0,0.06878962270086464
ARG,4004,198183717.0,217856745.0,0.019108932524214417
ARG,4005,2426865291.0,3102895247.0,0.050374787628225004
ARG,4006,190195874.0,199393202.0,0.009489605008873303
ARG,4007,209785733.0,209237781.0,-0.0005229386980100115
ARG,4008,1750234893.0,2198060070.0,0.046619070632156756
ARG,4009,3256652649.0,5086650285.0,0.09328172374133814
ARG,4010,2140948868.0,2766687555.0,0.052617932118740995
ARG,4011,26560676524.0,39955334487.0,0.08509341418876981
ARG,4012,956000832.0,1318298133.0,0.06637774612551439
ARG,4013,400807158.0,464968389.0,0.030143180472248288
ARG,4014,830847357.0,869119731.0,0.009047645511959024
ARG,4015,7553812363.0,4396273811.0,-0.10260487042054822
ARG,4016,11522888045.0,15414203804.0,0.05991722708053193
ARG,4017,107289159.0,141580684.0,0.057035645819469405
ARG,4101,263456201.0,124546125.0,-0.13915619397118084
ARG,4102,165779822.0,189226121.0,0.02680951289779454
ARG,4103,270591772.0,414500476.0,0.08903563144796878
ARG,4104,6144724763.0,6085185216.0,-0.0019454626322505941
ARG,4105,392478608.0,448661290.0,0.02711843004410497
ARG,4106,228463903.0,153254689.0,-0.07675017106973658
ARG,4107,361482939.0,418051522.0,0.029504859335760525
ARG,4108,78502001.0,67610748.0,-0.029429688328762693
ARG,4109,158122324.0,161396777.0,0.004107784030398909
ARG,4110,7725339.0,9650434.0,0.04550438769753051
ARG,4111,79028541.0,118737081.0,0.08482698770694541
ARG,4201,677222558.0,808670887.0,0.03611528008610443
ARG,4202,34183875355.0,48840446438.0,0.07396880237615067
ARG,4203,4048753698.0,4748892143.0,0.03241472390636191
ARG,4205,1160808849.0,1347464772.0,0.030270683155800615
ARG,4206,24500445.0,17286967.0,-0.0673708917235174
ARG,4301,557610721.0,333655049.0,-0.09761198798945481
ARG,4302,329574297.0,372973043.0,0.02504946168915234
ARG,4303,571839102.0,651341030.0,0.026377014533119247
ARG,4304,47749450.0,55046261.0,0.028849593418529107
ARG,4401,5918401483.0,7118906686.0,0.0376282221751536
ARG,4402,1020085435.0,1117869298.0,0.01847622724608522
ARG,4403,4595403890.0,5172585039.0,0.023945378912002546
ARG,4404,139746603.0,160110783.0,0.027580523891547193
ARG,4405,51532296.0,54308175.0,0.010548456833620712
ARG,4406,166051306.0,221610357.0,0.059423376472219624
ARG,4407,24045665052.0,23883760342.0,-0.0013502852637062857
ARG,4408,2308173051.0,2727093529.0,0.03391856446452257
ARG,4409,1751853645.0,2060010654.0,0.032938176981729184
ARG,4410,3749319656.0,5148430074.0,0.06547795864794104
ARG,4411,4662824005.0,5641860779.0,0.03885436352476446
ARG,4412,8447901930.0,9766219290.0,0.029426921304571252
ARG,4413,188185612.0,261583010.0,0.06808206713154918
ARG,4414,351664559.0,328919404.0,-0.013283981812530321
ARG,4415,1622548079.0,2271986436.0,0.06964984343459779
ARG,4416,401841014.0,499510536.0,0.04447506976538573
ARG,4417,121302340.0,121591034.0,0.0004755383291250581
ARG,4418,7178226278.0,9318158290.0,0.05356804005876703
ARG,4419,1078498390.0,1450675403.0,0.061084936654305144
ARG,4420,891031638.0,943339158.0,0.011474521267517135
ARG,4421,3819847244.0,4402332097.0,0.028791485010364104
ARG,4501,206388540.0,270768649.0,0.05580219325821689
ARG,4502,20298780.0,19478070.0,-0.008220340370343249
ARG,4503,314000936.0,290617313.0,-0.01535856369550348
ARG,4504,234302976.0,291294495.0,0.04450589278763317
ARG,4601,246017304.0,272959697.0,0.021001956935293498
ARG,4602,696830907.0,818823910.0,0.03279142194979556
ARG,4701,142697496.0,133323111.0,-0.013498346906497205
ARG,4702,2297414506.0,3119857705.0,0.0631121596040769
ARG,4703,14235785476.0,20306955320.0,0.07362514816681176
ARG,4704,186117921.0,352703949.0,0.1363822091092457
ARG,4705,740605787.0,849646010.0,0.02785105078935679
ARG,4706,708305240.0,800282691.0,0.02471853989155748
ARG,4707,3002327340.0,3900561417.0,0.05374084848996685
ARG,4801,3322723553.0,3403513750.0,0.004816273125195503
ARG,4802,5189104985.0,6188653761.0,0.03585924313476907
ARG,4803,1993912733.0,2592619976.0,0.05391732364140833
ARG,4804,6114188131.0,7588074966.0,0.044139590199133494
ARG,4805,8860159735.0,11451333318.0,0.052647348546429384
ARG,4806,832871009.0,1163041181.0,0.06906341964932095
ARG,4807,341628596.0,411943310.0,0.03814172754942957
ARG,4808,675505545.0,746970103.0,0.020316383492215984
ARG,4809,303373183.0,363859926.0,0.03703020906200005
ARG,4810,10696747052.0,12267111197.0,0.02777515538165165
ARG,4811,8201264219.0,10703962405.0,0.054709248536854105
ARG,4812,109633775.0,159426149.0,0.07776242286509683
ARG,4813,1193904934.0,1310903433.0,0.018873321676285748
ARG,4814,654170529.0,705775549.0,0.01530173126721679
ARG,4816,214751089.0,211626227.0,-0.002927305747869813
ARG,4817,501266707.0,583382898.0,0.030806068321148183
ARG,4818,12561802159.0,14700415801.0,0.031942583000928115
ARG,4819,10695192546.0,13497653911.0,0.04764449712146024
ARG,4820,1420643690.0,2043079736.0,0.07537523280510161
ARG,4821,2935898262.0,3655222276.0,0.04480335373712241
ARG,4822,179626143.0,236450172.0,0.056510987342409
ARG,4823,4926043521.0,7090326421.0,0.07555741083445522
ARG,4901,3910916948.0,5073356174.0,0.05342434761328163
ARG,4902,963177071.0,904449744.0,-0.012503281873640248
ARG,4903,874194946.0,1051946114.0,0.037712481588785485
ARG,4904,63709804.0,52533589.0,-0.037842519757031234
ARG,4905,77621048.0,73648888.0,-0.01045092224881139
ARG,4906,37652700.0,35289217.0,-0.012881753717862932
ARG,4907,2729491202.0,1187590365.0,-0.15332449914550983
ARG,4908,562504331.0,618475126.0,0.019152732962039565
ARG,4909,409358635.0,508066804.0,0.04415115406797665
ARG,4910,144313045.0,181466816.0,0.046883429731586324
ARG,4911,4665872221.0,5822300856.0,0.04527932496921738
ARG,5001,2739942.0,2311555.0,-0.033431645231510876
ARG,5002,128972076.0,175588016.0,0.06365267399077545
ARG,5003,35311629.0,58129738.0,0.10483168962808875
ARG,5004,98093241.0,177832362.0,0.1263525396385532
ARG,5005,46133016.0,57685083.0,0.0457077694200847
ARG,5006,3715452.0,6581196.0,0.12113686712152227
ARG,5007,364569555.0,393998000.0,0.01564684514517589
ARG,5101,710157267.0,716123699.0,0.0016746942730045955
ARG,5102,260635989.0,392936746.0,0.08556954801738703
ARG,5103,35766996.0,25943251.0,-0.06220397784032683
ARG,5104,3381460.0,2803831.0,-0.03677107475453911
ARG,5105,964237509.0,911037651.0,-0.011286507472080043
ARG,5106,293557115.0,340759611.0,0.030270110558571206
ARG,5107,725830962.0,776044444.0,0.013468420680419646
ARG,5108,104507799.0,167361985.0,0.09875692020873217
ARG,5109,141764029.0,165309382.0,0.031208041263907305
ARG,5110,3784285.0,2496806.0,-0.0798043146469899
ARG,5111,508109999.0,570683522.0,0.02349922533632509
ARG,5112,806753030.0,1093366124.0,0.06268610422688958
ARG,5113,5623962.0,4230832.0,-0.055337489235209314
ARG,5201,5907367678.0,6514135265.0,0.01974727624972794
ARG,5202,261577900.0,291138260.0,0.021644136124642666
ARG,5203,135464126.0,95441353.0,-0.06764252379171953
ARG,5204,54788707.0,69094491.0,0.047491419420778946
ARG,5205,3611611989.0,4526917075.0,0.046213429866134526
ARG,5206,511706960.0,614399256.0,0.037255798721409494
ARG,5207,85149742.0,217965699.0,0.20681573380625218
ARG,5208,4845021998.0,4473911570.0,-0.015811403932178503
ARG,5209,2247732326.0,2654437695.0,0.03382156933016822
ARG,5210,712315741.0,638132107.0,-0.021755058310977793
ARG,5211,1084495389.0,1368630955.0,0.04763917457795963
ARG,5212,322182829.0,321456363.0,-0.0004513723538132064
ARG,5301,354528068.0,855172487.0,0.19256104557235498
ARG,5302,76870709.0,79807836.0,0.007527548297492359
ARG,5303,68159244.0,54632841.0,-0.043277904561566216
ARG,5305,357868088.0,369516882.0,0.0064269606230249465
ARG,5306,218022083.0,320664032.0,0.08021437627016303
ARG,5307,463080168.0,226734369.0,-0.13309354866558343
ARG,5308,48500859.0,56815814.0,0.032152717999381464
ARG,5309,572903588.0,1074409887.0,0.13401210590388724
ARG,5310,102707171.0,114852288.0,0.022604682092329575
ARG,5311,50353200.0,79626963.0,0.09599005971115893
ARG,5401,539000115.0,595652321.0,0.02018937488062389
ARG,5402,9080315762.0,10649600418.0,0.03239637837691167
ARG,5403,598104488.0,712589396.0,0.03564868678861166
ARG,5404,709937745.0,836980447.0,0.03347270058484053
ARG,5405,12940438.0,18125105.0,0.0697106286232545
ARG,5406,35563571.0,44955992.0,0.04798832509014361
ARG,5407,9930329198.0,11815518084.0,0.03537535830359961
ARG,5408,589374739.0,606962731.0,0.005898363232250015
ARG,5501,502048075.0,473217107.0,-0.011758640198037629
ARG,5502,1068138679.0,1723986587.0,0.10047770426481928
ARG,5503,3056606430.0,3644759625.0,0.035823772088240835
ARG,5504,1291385663.0,1654182531.0,0.050764747184095294
ARG,5505,119194204.0,135152322.0,0.025448076464531733
ARG,5506,139480521.0,136955341.0,-0.0036473447240671364
ARG,5507,19023635.0,27175901.0,0.07393522987764056
ARG,5508,209204088.0,244302737.0,0.03150570233026606
ARG,5509,1585384759.0,1952525489.0,0.04253923120367342
ARG,5510,581958449.0,621191570.0,0.013133591624710172
ARG,5511,201203526.0,258128139.0,0.05109011702771227
ARG,5512,1589508015.0,1908816525.0,0.0372902428899049
ARG,5513,871126651.0,696791168.0,-0.04367773449521617
ARG,5514,936976503.0,1118380842.0,0.03602969575668857
ARG,5515,1550633685.0,2094803360.0,0.0620056067119672
ARG,5516,1326190896.0,2090117145.0,0.09524913056527984
ARG,5601,1434449114.0,1655663349.0,0.029099524866143645
ARG,5602,519510906.0,697736876.0,0.060765536733899506
ARG,5603,9562562765.0,10043626661.0,0.009864841390083035
ARG,5604,314723318.0,392839691.0,0.04533932338634372
ARG,5605,98487628.0,96266903.0,-0.004550885773497826
ARG,5606,281481199.0,340234200.0,0.03864160406507988
ARG,5607,1290965052.0,1439317196.0,0.021994140230979786
ARG,5608,914730111.0,1061442854.0,0.030198061721344205
ARG,5609,401786458.0,439880001.0,0.018281337840024392
ARG,5701,353991497.0,457484975.0,0.052632563713553404
ARG,5702,2189571854.0,2358927552.0,0.015011774455566007
ARG,5703,2852913821.0,3560093434.0,0.04528459174697752
ARG,5704,177597580.0,260684801.0,0.07978112961501904
ARG,5705,720322275.0,944341302.0,0.055651156726934436
ARG,5801,1120600364.0,1334611686.0,0.035573271960329444
ARG,5802,63240489.0,88725196.0,0.07006546898442356
ARG,5803,34184283.0,50256563.0,0.08012311895196866
ARG,5804,372861279.0,483360080.0,0.05328208868916584
ARG,5805,14663994.0,25588341.0,0.11778421172731446
ARG,5806,1765266253.0,2143908688.0,0.03963098121882003
ARG,5807,391509436.0,508893218.0,0.05384535556821124
ARG,5808,197564679.0,222398638.0,0.023963707182027116
ARG,5809,18043022.0,18993393.0,0.01031931355571225
ARG,5810,447439628.0,756966175.0,0.11088321716853966
ARG,5811,98501435.0,115061203.0,0.03156659631565728
ARG,5901,311879287.0,262133498.0,-0.03415552895584095
ARG,5902,1080982314.0,1452602411.0,0.06087846687860954
ARG,5903,5240162543.0,6634425642.0,0.048314793559615765
ARG,5904,203942885.0,187396886.0,-0.016779868321246894
ARG,5905,55594039.0,84882551.0,0.08832358070626745
ARG,5906,624058889.0,776657108.0,0.044722022278102624
ARG,5907,298339191.0,396756493.0,0.05867521799805253
ARG,5908,18208270.0,21084908.0,0.029770876487122067
ARG,5909,100294073.0,167182825.0,0.1076008444365959
ARG,5910,259633735.0,360912333.0,0.06809066742906333
ARG,5911,2841913745.0,3334376094.0,0.032477837673134946
ARG,6001,1935900379.0,2404006841.0,0.04426455902762405
ARG,6002,9602381706.0,11884997771.0,0.04357586802756508
ARG,6101,926673366.0,1291294003.0,0.06861112364751354
ARG,6102,1671767658.0,2462878620.0,0.08057127369855488
ARG,6103,5324690690.0,6908742343.0,0.05346696718808053
ARG,6104,14459553043.0,17521785679.0,0.03916545016662898
ARG,6105,3848060077.0,5280903562.0,0.0653523754540577
ARG,6106,1686178300.0,3310502577.0,0.14445332927438903
ARG,6107,3395945779.0,3934287701.0,0.029866836989042467
ARG,6108,5676967892.0,6648726917.0,0.03210625846091264
ARG,6109,20205689066.0,25600904112.0,0.04847077016760126
ARG,6110,29786451373.0,35784472818.0,0.03737355208688675
ARG,6111,2648166663.0,2708483826.0,0.004514445390283894
ARG,6112,2124525779.0,2374521972.0,0.02249887176559362
ARG,6113,795805471.0,695313505.0,-0.026637189927141036
ARG,6114,3793488946.0,3973471186.0,0.00931388779243525
ARG,6115,5259584974.0,6765483295.0,0.05164574745644401
ARG,6116,2309357892.0,2728816026.0,0.03394301318217052
ARG,6117,1696767722.0,1744915598.0,0.005611905144820684
ARG,6201,9154063117.0,10849517902.0,0.03456863468132498
ARG,6202,12314034682.0,15077182695.0,0.04131941323357147
ARG,6203,17972725351.0,23206543612.0,0.05244474684622835
ARG,6204,28254568564.0,36764539884.0,0.05406669423869559
ARG,6205,5450638201.0,6954914982.0,0.049950667438511065
ARG,6206,5702855643.0,6874608260.0,0.03808069693696581
ARG,6207,720660607.0,790750984.0,0.01873632390911051
ARG,6208,1367101281.0,1835767347.0,0.06072642962717367
ARG,6209,1119523038.0,1004097754.0,-0.02152757254246107
ARG,6210,15635623336.0,6155605659.0,-0.1700897698064997
ARG,6211,7678023658.0,8765267894.0,0.026840878553092695
ARG,6212,5000986877.0,5685487378.0,0.02598827328627995
ARG,6213,136007623.0,82572720.0,-0.09498731173713348
ARG,6214,1877261546.0,1928806782.0,0.005432195878234625
ARG,6215,201673937.0,265387390.0,0.05644307673441862
ARG,6216,561077980.0,617706256.0,0.019416726101737947
ARG,6217,1378414979.0,1566989542.0,0.025976049866974105
ARG,6301,1960091498.0,2483594275.0,0.04848171511195121
ARG,6302,8543674794.0,9717962891.0,0.026091536550475913
ARG,6303,2145116335.0,2229276439.0,0.007726351325380465
ARG,6304,1677257994.0,1627920679.0,-0.005953560932259183
ARG,6305,2955183561.0,3364177757.0,0.026263527099596562
ARG,6306,2423169925.0,2642899037.0,0.01751153316098808
ARG,6307,47034848489.0,10486902829.0,-0.259294620336861
ARG,6308,66797893.0,43314269.0,-0.08299090068704251
ARG,6309,1821916813.0,2263868246.0,0.044394367227305276
ARG,6310,328198959.0,379663718.0,0.029561702677716628
ARG,6401,638625021.0,763092276.0,0.036254013300831556
ARG,6402,14124083786.0,20288620805.0,0.07512373086598667
ARG,6403,24397225232.0,31489141786.0,0.05235938328966383
ARG,6404,18914871063.0,22954900803.0,0.039475857546912074
ARG,6405,1607414318.0,1840513274.0,0.027453614504244772
ARG,6406,3896817376.0,4902156560.0,0.04697286223626462
ARG,6501,22682464.0,75771516.0,0.2728087412438911
ARG,6502,10041539.0,20163302.0,0.1496146117827648
ARG,6504,116216063.0,200036012.0,0.11472670576911903
ARG,6505,2752762412.0,4304307720.0,0.09352046831709337
ARG,6506,1687531637.0,2157388356.0,0.05035300284335076
ARG,6507,176303447.0,272989341.0,0.09138247891502149
ARG,6601,1336790361.0,1676339753.0,0.04630848621966566
ARG,6602,87704393.0,107467701.0,0.041480930032495866
ARG,6603,196654828.0,252587818.0,0.051336052744079375
ARG,6701,58663356.0,63464184.0,0.01585648927256722
ARG,6702,1218513005.0,1660017568.0,0.06379146874752895
ARG,6703,231325258.0,284734639.0,0.042421715026595974
ARG,6704,1742561061.0,2539905472.0,0.07826599631138564
ARG,6801,643667680.0,457411960.0,-0.06603809433114571
ARG,6802,5454580122.0,6363043142.0,0.03128976698886565
ARG,6803,398702475.0,490580274.0,0.04234678202719433
ARG,6804,2511543868.0,3023960980.0,0.03783206106993986
ARG,6805,1861226583.0,2149615648.0,0.029229708709171742
ARG,6806,1923662675.0,2708102739.0,0.07079724120540742
ARG,6807,717351711.0,1157515327.0,0.10042113344893466
ARG,6808,308550516.0,310083901.0,0.0009919580940334072
ARG,6809,828050795.0,1250008859.0,0.08585346739032129
ARG,6810,4725833851.0,5504151680.0,0.030961361202783477
ARG,6811,661966211.0,883538445.0,0.059443805136567995
ARG,6812,64345496.0,60346457.0,-0.012750949142651402
ARG,6813,465177829.0,705170539.0,0.08676346665015
ARG,6814,148812666.0,274988190.0,0.1306672919793168
ARG,6815,4579847399.0,5995252228.0,0.055337305220017896
ARG,6901,158292313.0,120724179.0,-0.05274504197392904
ARG,6902,1691968996.0,2123713772.0,0.04650357562343821
ARG,6903,1026099633.0,1395414090.0,0.06341483437897577
ARG,6904,520026618.0,770059144.0,0.08168224626635867
ARG,6905,515897453.0,499321338.0,-0.006510347022144258
ARG,6906,97753117.0,75886682.0,-0.04937990610546639
ARG,6907,7015920863.0,8666497164.0,0.04316206048831406
ARG,6908,23491379.0,15920919.0,-0.07485048766995561
ARG,6909,3154924288.0,3829929924.0,0.03953801866113782
ARG,6910,3500556742.0,4073294582.0,0.030769927393152985
ARG,6911,2546691295.0,3004328313.0,0.03360408569821893
ARG,6912,1205037441.0,1321010332.0,0.018547142486573298
ARG,6913,668096805.0,781286028.0,0.03179669535284302
ARG,6914,952102738.0,1171390705.0,0.042326050075613075
ARG,7001,249380738.0,388589635.0,0.09276219367338578
ARG,7002,700738884.0,718520094.0,0.005024248380729235
ARG,7003,471568814.0,632976786.0,0.060641317852209387
ARG,7004,285502141.0,490230091.0,0.11418708274063283
ARG,7005,2682697167.0,3380367199.0,0.047317705663870946
ARG,7006,746340280.0,823464534.0,0.019862453951634995
ARG,7007,5331314180.0,6384728926.0,0.03672038304826275
ARG,7008,827627961.0,972516815.0,0.03279087672592995
ARG,7009,2748514179.0,3728141673.0,0.06286690682804386
ARG,7010,3653350615.0,4739498204.0,0.05343611167836482
ARG,7011,72146969.0,53489856.0,-0.05808726738905934
ARG,7013,3197471749.0,4410887246.0,0.06645822495819731
ARG,7014,203970060.0,291174460.0,0.07378509426326074
ARG,7015,80165639.0,87660954.0,0.018037057010124036
ARG,7016,552803967.0,579584214.0,0.009506406625395813
ARG,7017,706602629.0,876285331.0,0.04398451871526876
ARG,7018,531222062.0,761307587.0,0.07462468123806287
ARG,7019,5493913317.0,6996381361.0,0.0495384031206203
ARG,7020,1817837699.0,2061434215.0,0.025469799773619295
ARG,7101,163094264.0,240911392.0,0.0811444667414869
ARG,7102,30352959252.0,31522510180.0,0.007590237429179414
ARG,7103,2187497682.0,4863641930.0,0.17328305503273267
ARG,7104,1218757563.0,2173467014.0,0.12265714817297901
ARG,7105,231465304.0,196578264.0,-0.032145844724895345
ARG,7106,15854959690.0,16379531094.0,0.006531253360054334
ARG,7107,72409751.0,68514933.0,-0.010996936931017554
ARG,7108,313968464443.0,299332023968.0,-0.009502392962698947
ARG,7109,52565436.0,25903499.0,-0.1319762018516326
ARG,7110,40344770689.0,25985702225.0,-0.08422361293846148
ARG,7111,2299073490.0,57235504.0,-0.5222259786882818
ARG,7112,18655131088.0,20126579664.0,0.015299878693678659
ARG,7113,34798430330.0,60472572946.0,0.11686262678014914
ARG,7114,1568762951.0,835014981.0,-0.11848970520730273
ARG,7115,6195442206.0,7387952216.0,0.03583445663511098
ARG,7116,622638142.0,1232083397.0,0.14625403312234675
ARG,7117,3411660832.0,5266139408.0,0.09069996814103498
ARG,7118,45283519.0,419105670.0,0.5605463546794616
ARG,7201,1605947524.0,2410304605.0,0.08459629381662559
ARG,7202,13088530507.0,17937267260.0,0.06505755621912535
ARG,7203,1510621053.0,2446987904.0,0.10127367498533202
ARG,7204,19962652353.0,27939982966.0,0.06955119840251434
ARG,7205,1084237628.0,1281380163.0,0.033976585527815795
ARG,7206,207964912.0,373496424.0,0.1242406291281648
ARG,7207,9518229505.0,13820036051.0,0.07743381267892713
ARG,7208,25081911621.0,38133561231.0,0.08740004439977378
ARG,7209,4579950187.0,6823990720.0,0.08301765051435384
ARG,7210,17148448982.0,25703297626.0,0.08430834422605771
ARG,7211,1450022155.0,1859467150.0,0.0510001414830048
ARG,7212,2583941042.0,3173293172.0,0.041946738160068886
ARG,7213,4865310546.0,6609542163.0,0.06319313149512973
ARG,7214,8653087339.0,10911458106.0,0.047471801754144005
ARG,7215,883844372.0,1085406344.0,0.0419414396702813
ARG,7216,4695289999.0,7225161958.0,0.09002644164891582
ARG,7217,2573905030.0,3219023378.0,0.04574626573421914
ARG,7218,1160905925.0,1778781536.0,0.0890933769686475
ARG,7219,15075424517.0,18296359291.0,0.03948691279400518
ARG,7220,2322933989.0,3015479357.0,0.053571218971685264
ARG,7221,769215230.0,898096741.0,0.031466314017396524
ARG,7222,3043387278.0,4213762702.0,0.06724117118892292
ARG,7223,1078882134.0,1472257570.0,0.06414781817685022
ARG,7224,1004709902.0,2117392002.0,0.1607858814126475
ARG,7225,11061157039.0,17657955544.0,0.09806480588708832
ARG,7226,1849307866.0,2966874714.0,0.0991526164647949
ARG,7227,2033001073.0,2269184928.0,0.02222490217110984
ARG,7228,3529228721.0,4928783057.0,0.06908436849043409
ARG,7229,1137670852.0,1436957650.0,0.047817065753495536
ARG,7301,888295729.0,935362981.0,0.010379487663861653
ARG,7302,1351947388.0,1897023711.0,0.07009563767508786
ARG,7303,750495453.0,981136608.0,0.05505787395528139
ARG,7304,8664583324.0,12999807649.0,0.08452070762628172
ARG,7305,2795912048.0,3928526791.0,0.07038802738436112
ARG,7306,6645668908.0,10557883114.0,0.09700253156584271
ARG,7307,7184453350.0,10455050238.0,0.07791987331463601
ARG,7308,21814915351.0,34498257984.0,0.09599538818629738
ARG,7309,1253629593.0,2102699065.0,0.10897454397125594
ARG,7310,3109706840.0,3832445320.0,0.04268062515884807
ARG,7311,1475967970.0,2126016324.0,0.0757167531853955
ARG,7312,3300394633.0,4271741267.0,0.052950156823118544
ARG,7313,104354019.0,129316615.0,0.043828209828574716
ARG,7314,2431534948.0,2798718220.0,0.02852708270822535
ARG,7315,2169875139.0,2645818718.0,0.04045923215796865
ARG,7316,87495722.0,98780623.0,0.024559037040923215
ARG,7317,1306923300.0,1603896019.0,0.041802083753660124
ARG,7318,14866041061.0,20255821651.0,0.06382675196380583
ARG,7319,163663527.0,180987119.0,0.020326466690382183
ARG,7320,2656329071.0,3605566961.0,0.06301241828383142
ARG,7321,5711036417.0,5575187085.0,-0.004803355149362587
ARG,7322,1111920734.0,1432237319.0,0.051933367983167944
ARG,7323,6588418795.0,7865322797.0,0.03606516210429156
ARG,7324,1519272208.0,1828690426.0,0.03776954040441183
ARG,7325,2453089739.0,3153439946.0,0.05151198181829697
ARG,7326,30008028681.0,39673002913.0,0.0574297421905432
ARG,7401,834143107.0,539668301.0,-0.08340545390275178
ARG,7402,5552925403.0,9925693587.0,0.12317597432963123
ARG,7403,29778821434.0,37994595658.0,0.049936090234589336
ARG,7404,11476948696.0,16342169029.0,0.07323950817212355
ARG,7405,119505858.0,147930384.0,0.043598961040438144
ARG,7406,285671560.0,391294977.0,0.0649456730357656
ARG,7407,2785970802.0,4099180083.0,0.08029928207764248
ARG,7408,7376744188.0,13460449835.0,0.12781786618638624
ARG,7409,3714146977.0,6058986294.0,0.10282899764945763
ARG,7410,1134398513.0,2236694219.0,0.14542904997148276
ARG,7411,3846760581.0,5684781232.0,0.08124402328578184
ARG,7412,1778128237.0,2689591536.0,0.0862871699288228
ARG,7413,736831271.0,1318291730.0,0.12338519419168059
ARG,7415,633965380.0,815906188.0,0.05175585152379725
ARG,7416,0.0,2510991485.0,0.0
ARG,7418,484191936.0,489714637.0,0.002270866099526092
ARG,7419,2123029876.0,405347143.0,-0.2819177327772425
ARG,7501,5326058921.0,4662964765.0,-0.026241563342862873
ARG,7502,5632922057.0,7405466793.0,0.05624274609417568
ARG,7503,333852655.0,721713350.0,0.16670747640416295
ARG,7504,370726629.0,501010708.0,0.06208345907666324
ARG,7505,1990950573.0,3336021537.0,0.10875010369966365
ARG,7506,742214799.0,1168764802.0,0.09506400269234105
ARG,7507,698420365.0,947270230.0,0.06284858554664718
ARG,7508,1157956546.0,2193805668.0,0.1363213809410142
ARG,7601,30486442078.0,47549096050.0,0.09296713826246927
ARG,7602,6065535001.0,10309098720.0,0.11191174346371735
ARG,7603,403009628.0,423729360.0,0.010077337205914194
ARG,7604,6196832623.0,8648656254.0,0.06894601858355998
ARG,7605,1647079701.0,2409260357.0,0.07903075659151693
ARG,7606,13544348450.0,19638863982.0,0.07713874733677617
ARG,7607,7049784543.0,8950462355.0,0.04889961310728519
ARG,7608,717987379.0,998812980.0,0.06825140695168219
ARG,7609,327476165.0,498279062.0,0.0875734287032024
ARG,7610,7194430972.0,10228352243.0,0.07290642282734994
ARG,7611,127869776.0,134450943.0,0.010087948799626378
ARG,7612,2132208297.0,2292209542.0,0.01457682382181913
ARG,7613,386914506.0,405482653.0,0.009418949611688765
ARG,7614,509030128.0,1007173224.0,0.14623096541008707
ARG,7615,2282871444.0,2825361241.0,0.04356259848404509
ARG,7616,9693374539.0,13313059940.0,0.06551747990666112
ARG,7801,3546760743.0,4446578961.0,0.04625807570608287
ARG,7802,311997457.0,309680262.0,-0.0014898260719587997
ARG,7804,163221293.0,279239797.0,0.1133714996538635
ARG,7806,182186893.0,185424308.0,0.0035289543169922943
ARG,7901,7434544322.0,8370416129.0,0.02399665707610854
ARG,7902,301180901.0,353885986.0,0.03277849750103501
ARG,7903,259922118.0,309867022.0,0.035777384409802604
ARG,7904,114108556.0,101879875.0,-0.02241610385444759
ARG,7905,307854281.0,342310631.0,0.021445120129164108
ARG,7907,495548722.0,654862860.0,0.0573354662408283
ARG,8001,1995435096.0,3126395706.0,0.09395955985719073
ARG,8002,80105369.0,124782359.0,0.09269338334177801
ARG,8003,206420996.0,256860728.0,0.044693200291940016
ARG,8007,180290311.0,180796178.0,0.0005605406047752837
ARG,8101,609233641.0,916561888.0,0.0851145419871231
ARG,8102,374437805.0,801651169.0,0.16445081157276276
ARG,8103,453337781.0,465976523.0,0.005514700684796869
ARG,8104,715072737.0,1019946289.0,0.07360720243778207
ARG,8105,1862565576.0,1868651629.0,0.0006526603959617905
ARG,8106,49496383.0,60329077.0,0.040376762714982695
ARG,8107,17471898.0,18818292.0,0.014957888811897746
ARG,8108,3389942127.0,5873834581.0,0.11620993974604477
ARG,8109,261143249.0,347250496.0,0.05865100548410496
ARG,8110,181468444.0,526491658.0,0.23742269172105024
ARG,8111,466730492.0,792102623.0,0.11158596665649179
ARG,8112,766672240.0,1601079143.0,0.15867226739467877
ARG,8113,574620538.0,781886576.0,0.06353680182576471
ARG,8201,764121242.0,839860366.0,0.01908160592284447
ARG,8202,2077178783.0,2251296000.0,0.016229374864217938
ARG,8203,821514397.0,1067854233.0,0.05385135665633434
ARG,8204,941762382.0,1344635908.0,0.07382292923318579
ARG,8205,3048947580.0,3860167964.0,0.04831366966985429
ARG,8206,513920389.0,560576273.0,0.017531289343021728
ARG,8207,8819655925.0,10416886989.0,0.033849357033300276
ARG,8208,1353445329.0,1707287456.0,0.04754620142192234
ARG,8209,2969545434.0,3517436667.0,0.03444466093044296
ARG,8210,244490818.0,238858321.0,-0.0046505877765185
ARG,8211,1185379904.0,1339831550.0,0.024798610741686433
ARG,8212,1741320765.0,2079044217.0,0.03608882469384711
ARG,8213,357907658.0,406085904.0,0.02557962623268928
ARG,8214,460806327.0,525528274.0,0.026633734094214212
ARG,8215,1260030310.0,1319516142.0,0.009268556306484932
ARG,8301,4819748507.0,6277735040.0,0.054279400290748736
ARG,8302,15266197917.0,20121628790.0,0.056784534214708415
ARG,8303,531130596.0,538563681.0,0.0027834288381407557
ARG,8304,151355186.0,175192463.0,0.029683189242300623
ARG,8305,368358994.0,405292102.0,0.019293776348092262
ARG,8306,986634468.0,1478515244.0,0.08426116928298422
ARG,8307,1039978364.0,1585931634.0,0.08805796258906473
ARG,8308,1941853039.0,2690195307.0,0.06736630896738549
ARG,8309,2507244289.0,3125618143.0,0.045075950248779195
ARG,8310,461614865.0,621487342.0,0.06128127184546672
ARG,8311,1365992520.0,1897486215.0,0.06793805298151634
ARG,8401,2508390126.0,3505221155.0,0.06921260076346725
ARG,8402,1848894225.0,2248793955.0,0.03993817229232355
ARG,8403,3243492621.0,3169690614.0,-0.0045927675664394485
ARG,8404,659970151.0,773945703.0,0.032374431364357914
ARG,8405,506810207.0,555327449.0,0.01845245064524126
ARG,8406,1553139685.0,2233847289.0,0.07539643576465793
ARG,8407,21044555089.0,28160916068.0,0.05998911595504741
ARG,8408,15638167669.0,22556695401.0,0.07601399997231884
ARG,8409,24452076757.0,33152946625.0,0.06277487029450879
ARG,8410,451493305.0,590824422.0,0.055264734384141034
ARG,8411,86433027240.0,121785036650.0,0.0709836515464688
ARG,8412,11112631598.0,13728474568.0,0.04318437453216828
ARG,8413,28097846407.0,37066678491.0,0.05696870155758704
ARG,8414,40258487621.0,54130020906.0,0.061001866229010826
ARG,8415,20674155185.0,32958608821.0,0.0977620677078459
ARG,8416,1347562602.0,1529560975.0,0.025660354901145377
ARG,8417,1918395604.0,2941871557.0,0.08927392432271031
ARG,8418,17926087451.0,24730362775.0,0.0664708646506138
ARG,8419,21093209127.0,30811479629.0,0.07873303621376171
ARG,8420,660205917.0,924186110.0,0.06958672704506697
ARG,8421,32971113954.0,44054782011.0,0.059673044921956464
ARG,8422,14449884957.0,17666255193.0,0.04101268620566345
ARG,8423,1893023847.0,2197428503.0,0.03027161253160604
ARG,8424,10210150511.0,11825875512.0,0.029817414881191828
ARG,8425,3206348642.0,4080164625.0,0.04938146367012486
ARG,8426,6906229466.0,8544957355.0,0.04350318534641562
ARG,8427,4778288547.0,13405614656.0,0.22914430109106254
ARG,8428,12401856631.0,19274994166.0,0.09219833404428357
ARG,8429,13464546496.0,25998646435.0,0.14064841545616558
ARG,8430,3983774083.0,5433285546.0,0.06402924704955693
ARG,8431,24497753342.0,33198384933.0,0.06266931352270322
ARG,8432,3296254037.0,3989627338.0,0.03892053689994501
ARG,8433,5722342910.0,8823463088.0,0.09046828410659402
ARG,8434,964380557.0,1028748562.0,0.013006329742697886
ARG,8435,142143710.0,150641266.0,0.011680227371018148
ARG,8436,2355106872.0,3252931424.0,0.06672594370617202
ARG,8437,1007292019.0,1183616653.0,0.03278788485328521
ARG,8438,4992669998.0,6938069906.0,0.06802436888036323
ARG,8439,2791287610.0,2880581667.0,0.006317721772534535
ARG,8440,412732748.0,482357929.0,0.03166832933952768
ARG,8441,3136203709.0,3831716282.0,0.04087317467090523
ARG,8442,757274773.0,722435886.0,-0.009375272871242957
ARG,8443,31731026318.0,32272565364.0,0.003390243790725167
ARG,8444,399955311.0,439933137.0,0.019236672791755227
ARG,8445,1172662532.0,1207397885.0,0.005855215938119329
ARG,8446,749963802.0,613549215.0,-0.03935744671111452
ARG,8447,937228040.0,905125172.0,-0.0069464370630411
ARG,8448,1886361021.0,2104306156.0,0.02210808208584658
ARG,8449,763455696.0,389308538.0,-0.12601894685413928
ARG,8450,6611606377.0,9000403166.0,0.06363102014298083
ARG,8451,4242844581.0,4707036549.0,0.02098200916910664
ARG,8452,2537239947.0,2207268039.0,-0.027479629480413603
ARG,8453,375967382.0,365448475.0,-0.0056593435674386905
ARG,8454,1216189908.0,1646522615.0,0.062461645114119335
ARG,8455,2401222051.0,3608843128.0,0.08489357261966002
ARG,8456,2853793880.0,3990747775.0,0.06936591084270138
ARG,8457,3748433539.0,5191558421.0,0.06730756108587843
ARG,8458,2665160802.0,3496868876.0,0.05582316449402325
ARG,8459,1309486696.0,1645043600.0,0.046683226499100394
ARG,8460,1809608236.0,2187530370.0,0.03866119253974998
ARG,8461,1058902548.0,1405001076.0,0.05819116860869067
ARG,8462,3755368013.0,5103696098.0,0.06327710047091317
ARG,8463,733443654.0,1248025097.0,0.11217034981270957
ARG,8464,1139297412.0,1376605986.0,0.038566975138419224
ARG,8465,2930511790.0,3551556145.0,0.039190199588407415
ARG,8466,9376804104.0,12063785573.0,0.05168517811023565
ARG,8467,3835132125.0,4062265612.0,0.011573857514007191
ARG,8468,389159282.0,492935395.0,0.04841330079742634
ARG,8469,21877.0,17462.0,-0.04408067068164134
ARG,8470,2294609159.0,3014044493.0,0.05605901258989743
ARG,8471,181147903646.0,202182370058.0,0.02221439893599708
ARG,8472,1805322465.0,2001199287.0,0.020815158891594576
ARG,8473,134519731687.0,164574407938.0,0.04115469480461886
ARG,8474,5528072408.0,8452825083.0,0.08864336959169394
ARG,8475,2048406493.0,1929365432.0,-0.011902797177321567
ARG,8476,697496280.0,1075927376.0,0.0905566050437141
ARG,8477,13692538390.0,17823275258.0,0.054145864700688495
ARG,8478,807293538.0,863067251.0,0.013450712380060015
ARG,8479,59875094260.0,97346983712.0,0.10208542235454776
ARG,8480,8357656730.0,8967222462.0,0.014179161727110756
ARG,8481,49263677625.0,64850022989.0,0.056517417085276245
ARG,8482,17475830272.0,20787318500.0,0.03531410405896018
ARG,8483,24177955944.0,33315504403.0,0.0662164095112221
ARG,8484,1841790082.0,2598241725.0,0.0712427225210508
ARG,8485,5055936159.0,7038373472.0,0.06840065414170726
ARG,8501,33910719702.0,46200349515.0,0.06380407795519072
ARG,8502,11969262814.0,11179594549.0,-0.013557602542560221
ARG,8503,9018016224.0,11950934707.0,0.05793301955444852
ARG,8504,54426420833.0,91156655800.0,0.10865321755852797
ARG,8505,4867398915.0,6299794631.0,0.05294549352678568
ARG,8506,4708090660.0,5711927390.0,0.039411630818772414
ARG,8507,26217334270.0,69403461367.0,0.21495032028666805
ARG,8508,7577036224.0,8830882209.0,0.03110037709676905
ARG,8509,13586744481.0,16355962774.0,0.037796355217684985
ARG,8510,3229612489.0,3299333916.0,0.004280826044380515
ARG,8511,8674893440.0,11101622928.0,0.05056871727228485
ARG,8512,12027127466.0,15454712801.0,0.051428645758926805
ARG,8513,1324797314.0,1735285402.0,0.05546611434943083
ARG,8514,2271432586.0,3525934227.0,0.09193018322062274
ARG,8515,4872840528.0,5825938234.0,0.03637454020816033
ARG,8516,26672783183.0,33482079319.0,0.046523095758109534
ARG,8517,43809740739.0,21265663903.0,-0.13459051158595825
ARG,8518,24451145356.0,32892925354.0,0.061110613319223406
ARG,8519,486062036.0,1935756548.0,0.3183532891822105
ARG,8520,1286103737.0,48294.0,-0.8697062944673345
ARG,8521,21700347113.0,30255340707.0,0.06872771859826443
ARG,8522,474977486.0,389167176.0,-0.039068045098264226
ARG,8523,25802217579.0,31681181559.0,0.04190678796894853
ARG,8524,502476145.0,1618282.0,-0.68261401093444
ARG,8525,269841378562.0,349336810878.0,0.05299706543094729
ARG,8526,10657469018.0,15464284383.0,0.07729625413901231
ARG,8527,4678434525.0,5688393212.0,0.03986703486558829
ARG,8528,34569085570.0,34233573985.0,-0.0019486876474915649
ARG,8529,27810037818.0,23022887485.0,-0.03707681795258766
ARG,8530,1059834911.0,1299774862.0,0.04165998796649961
ARG,8531,8311817638.0,11306652644.0,0.06347579284616
ARG,8532,9103415075.0,13051759930.0,0.07471409903849024
ARG,8533,4657641318.0,5506064968.0,0.034034569400032355
ARG,8534,12666536131.0,15174377822.0,0.036789536101145215
ARG,8535,3803021336.0,5665706122.0,0.08299152096743412
ARG,8536,54162047560.0,71842319114.0,0.058125190875218946
ARG,8537,26804201531.0,43122396777.0,0.09976527649819023
ARG,8538,18293204521.0,24911652600.0,0.06370830440130648
ARG,8539,4157313420.0,4326386331.0,0.008004581690836954
ARG,8540,979222578.0,1264014613.0,0.05238375434181153
ARG,8541,42597199114.0,65572261490.0,0.09010372488011464
ARG,8542,179718387243.0,223757952003.0,0.044809693293992536
ARG,8543,27070146751.0,39783557211.0,0.08004686460679888
ARG,8544,56123938524.0,83344265801.0,0.08229466328619894
ARG,8545,2397522770.0,2205488799.0,-0.01655874417094838
ARG,8546,1125229896.0,1327625652.0,0.03363420978069476
ARG,8547,3532137801.0,4621117655.0,0.05521723860808869
ARG,8548,1806465173.0,1576420860.0,-0.02687525530931012
ARG,8601,502146256.0,802300763.0,0.09825046357892075
ARG,8602,587556267.0,912785154.0,0.09210355545018323
ARG,8603,2927963552.0,3000720263.0,0.004921108994403234
ARG,8604,604953555.0,602403299.0,-0.0008445498849487532
ARG,8605,343556800.0,732357080.0,0.1634423467013808
ARG,8606,1198728445.0,4264196092.0,0.28891201277015366
ARG,8607,5086587625.0,6733565926.0,0.057702953900409026
ARG,8608,371339678.0,494429563.0,0.05892844560160637
ARG,8609,2540723356.0,3619870875.0,0.07336428325123223
ARG,8701,17269141194.0,29736532011.0,0.11481785436189473
ARG,8702,5791581281.0,8913382204.0,0.0900566650863055
ARG,8703,314437742134.0,485030844981.0,0.09055340422908542
ARG,8704,52413159357.0,90451719507.0,0.11530923351405042
ARG,8705,3322313505.0,6223512812.0,0.13375442543511085
ARG,8706,854152851.0,1413668425.0,0.10601850329293794
ARG,8707,4801794457.0,6252663420.0,0.054222538977707346
ARG,8708,137446366436.0,196650446814.0,0.07426724698793352
ARG,8709,712039141.0,1186264502.0,0.10747908550897733
ARG,8710,2787108660.0,3072483537.0,0.019687587558469
ARG,8711,9831980527.0,14372153504.0,0.07888751512741932
ARG,8712,5343691450.0,4525199945.0,-0.0327042493460602
ARG,8713,436914445.0,718013250.0,0.10445292845679544
ARG,8714,8439361217.0,10214792972.0,0.038924525597670456
ARG,8715,890676325.0,1158137397.0,0.05392094472074471
ARG,8716,8053025411.0,12599546715.0,0.09365204738904453
ARG,8801,44224042.0,45669684.0,0.006453963667600204
ARG,8802,75928939522.0,98383902196.0,0.05318179144579327
ARG,8803,41030942095.0,53878362124.0,0.05599188124001486
ARG,8804,146471737.0,264444478.0,0.12542390100183565
ARG,8805,1012738800.0,1411138487.0,0.06859819821944924
ARG,8901,18320770330.0,28293652651.0,0.09080986625494503
ARG,8902,376935947.0,275774240.0,-0.060585567741942015
ARG,8903,3166921666.0,4296351115.0,0.06290020066659041
ARG,8904,2330836468.0,1327711297.0,-0.1064510080158737
ARG,8905,10518891931.0,8016386283.0,-0.05288715081176476
ARG,8906,2935806123.0,4055902375.0,0.06677302223203241
ARG,8907,514117813.0,745998759.0,0.07729610765992034
ARG,8908,1461365673.0,199220660.0,-0.32870239991229444
ARG,9001,12010386135.0,15094737808.0,0.0467759130907881
ARG,9002,5028382338.0,6842920351.0,0.06356157514056382
ARG,9003,3529050924.0,4838243252.0,0.06513818628844925
ARG,9004,6568565573.0,7983468885.0,0.039786607610458935
ARG,9005,736696050.0,893667996.0,0.039387699227865225
ARG,9006,1231843369.0,1589451229.0,0.052297026701957794
ARG,9007,297833184.0,377411908.0,0.04850016437009286
ARG,9008,75013353.0,104192079.0,0.06792124191469906
ARG,9009,610310779.0,680279872.0,0.021944513009430455
ARG,9010,5921499565.0,329875601.0,-0.43871466083054256
ARG,9011,1353520449.0,2016728628.0,0.0830201286605432
ARG,9012,1379863574.0,2245952464.0,0.10233318558437121
ARG,9013,13049504951.0,8620747321.0,-0.07957124939645
ARG,9014,4880931382.0,5816906422.0,0.035709297754273894
ARG,9015,4325334387.0,5862314346.0,0.06269804801747147
ARG,9016,186637568.0,295835513.0,0.09650406998907246
ARG,9017,1110906070.0,1325785719.0,0.03599867357737585
ARG,9018,73550739591.0,102157888273.0,0.06791570297278526
ARG,9019,10591222231.0,10323268736.0,-0.005111913224349562
ARG,9020,1440647215.0,1024393225.0,-0.06592486639441464
ARG,9021,33412714317.0,50903246381.0,0.08784431033727058
ARG,9022,13159832038.0,16820401895.0,0.050309284095813256
ARG,9023,1153926737.0,1830212426.0,0.09664143910891343
ARG,9024,1110947818.0,1378308295.0,0.04407222341630712
ARG,9025,5795090012.0,5254648966.0,-0.019389126742729412
ARG,9026,12497997829.0,16815916222.0,0.06114814209449726
ARG,9027,28384845311.0,34027888671.0,0.03693060840756379
ARG,9028,2970594175.0,4076581131.0,0.06534568938325691
ARG,9029,3400610327.0,4399654768.0,0.05286416898468227
ARG,9030,10850809098.0,14120745073.0,0.0540934093735943
ARG,9031,21857315019.0,31274389141.0,0.07428226170352614
ARG,9032,18139903587.0,21090838721.0,0.03060388497040245
ARG,9033,1706240859.0,1928000527.0,0.024739228897649124
ARG,9101,5942669288.0,9778793420.0,0.10474168603278389
ARG,9102,11164106663.0,17736656274.0,0.09700739330282948
ARG,9103,41482734.0,43952753.0,0.011634757148301533
ARG,9104,54765522.0,30225813.0,-0.11207935896969934
ARG,9105,672978394.0,641619164.0,-0.009498263793877193
ARG,9106,195282121.0,221748897.0,0.02574591712381813
ARG,9107,217271604.0,214119335.0,-0.002918672859285043
ARG,9108,215141141.0,286672120.0,0.059088855531416185
ARG,9109,22407824.0,22340208.0,-0.000604233245120378
ARG,9110,112042477.0,136175113.0,0.039783708525298556
ARG,9111,571387042.0,529863932.0,-0.014976040833781679
ARG,9112,12583169.0,16092120.0,0.05042402582398142
ARG,9113,1001371632.0,1593478361.0,0.09736265717902448
ARG,9114,633053878.0,865662416.0,0.06458802759125604
ARG,9201,412550854.0,403612335.0,-0.004371343771688907
ARG,9202,503771926.0,528105553.0,0.009479152624097598
ARG,9205,315636052.0,489011991.0,0.0915071406061223
ARG,9206,126877808.0,180685383.0,0.07326624508464574
ARG,9207,1358218326.0,1587616806.0,0.031704251763091884
ARG,9208,53162634.0,67577418.0,0.0491534685466517
ARG,9209,1006736878.0,970118228.0,-0.007382934652462425
ARG,9301,529486005.0,995118393.0,0.13449883322038225
ARG,9302,1003738587.0,911836133.0,-0.019022072751829655
ARG,9303,893988298.0,1039899625.0,0.030699149085164024
ARG,9304,383645091.0,378428136.0,-0.002734592856885265
ARG,9305,1247836434.0,1198508234.0,-0.008034262145565907
ARG,9306,2593975873.0,5556856916.0,0.16458892672486836
ARG,9307,28373020.0,33695027.0,0.034980217713628914
ARG,9401,31383596379.0,38929892330.0,0.044037501254495126
ARG,9402,1877806402.0,2135930974.0,0.02609431079556379
ARG,9403,31765695472.0,39345901852.0,0.04373014570214662
ARG,9404,9695147707.0,10005801444.0,0.0063278457994981885
ARG,9405,21574325618.0,23897365229.0,0.020663439251250137
ARG,9406,3305188553.0,4935825347.0,0.08350946332781106
ARG,9503,19567740088.0,26019954193.0,0.05865187564907015
ARG,9504,15195247898.0,17161319117.0,0.024633558131805122
ARG,9505,4669130564.0,6845145876.0,0.07951663206149262
ARG,9506,15004993353.0,16220215209.0,0.015696979516209852
ARG,9507,2022708778.0,2245672631.0,0.021133719122560235
ARG,9508,461615515.0,986121293.0,0.16393837707869863
ARG,9601,57320533.0,81422772.0,0.07272186474238085
ARG,9602,409960113.0,595015781.0,0.07735138923132845
ARG,9603,5081549355.0,6082203042.0,0.03660417391624171
ARG,9604,20743226.0,20993449.0,0.002401018064054128
ARG,9605,95955047.0,178879627.0,0.13265751713025442
ARG,9606,551007749.0,898369718.0,0.10270534475117676
ARG,9607,971861884.0,1197446951.0,0.04263031133306505
ARG,9608,2582838965.0,3377459072.0,0.05511197737618234
ARG,9609,583579041.0,691799784.0,0.03460875040047062
ARG,9610,319710953.0,341182764.0,0.013085066490200914
ARG,9611,124552844.0,132636988.0,0.01265660685946468
ARG,9612,926223366.0,1003195644.0,0.016094220170264295
ARG,9613,772540244.0,870986314.0,0.024278469080941
ARG,9614,141831398.0,94643217.0,-0.07771865966762126
ARG,9615,746908772.0,1334118139.0,0.12301445353080243
ARG,9616,866666769.0,976303685.0,0.024109881949965883
ARG,9617,911829977.0,2706025954.0,0.24303574754188784
ARG,9618,210654930.0,292417417.0,0.06779116173722377
ARG,9701,8384155749.0,11466382392.0,0.0646170488298976
ARG,9702,104650151.0,223919389.0,0.16431466665148076
ARG,9703,1584211365.0,2540872078.0,0.09909171775105596
ARG,9704,41795715.0,70200662.0,0.10928180542394106
ARG,9705,919516212.0,1155714065.0,0.04678671335363216
ARG,9706,817814350.0,1455023260.0,0.12212966028556282
